RPS_rank,cluster_id,row_label,n_cells,pct_cells,dominant_label,dominant_frac,n_markers,marker_uniqueness_count_sum,marker_support_score,RPS,RPS_formula
1,28,cluster_28,7,0.001045244139166791,Ciliated,1.0,1323,17311.0,1.0,17311.0,"min(|Gi| / 10, 1) * sum_j |Gi \ Gj|"
2,21,cluster_21,22,0.003285053008809915,Ciliated,1.0,675,8229.0,1.0,8229.0,"min(|Gi| / 10, 1) * sum_j |Gi \ Gj|"
3,20,cluster_20,33,0.004927579513214872,Ciliated,1.0,619,7456.0,1.0,7456.0,"min(|Gi| / 10, 1) * sum_j |Gi \ Gj|"
4,27,cluster_27,7,0.001045244139166791,Neuroendocrine,1.0,504,6754.0,1.0,6754.0,"min(|Gi| / 10, 1) * sum_j |Gi \ Gj|"
5,22,cluster_22,20,0.002986411826190832,Ciliated,1.0,384,4529.0,1.0,4529.0,"min(|Gi| / 10, 1) * sum_j |Gi \ Gj|"
6,19,cluster_19,47,0.007018067791548455,Neuroendocrine,1.0,292,3821.0,1.0,3821.0,"min(|Gi| / 10, 1) * sum_j |Gi \ Gj|"
7,23,cluster_23,18,0.0026877706435717488,Club,0.6111111111111112,251,3275.0,1.0,3275.0,"min(|Gi| / 10, 1) * sum_j |Gi \ Gj|"
8,17,cluster_17,98,0.014633417948335075,Tuft,1.0,237,3172.0,1.0,3172.0,"min(|Gi| / 10, 1) * sum_j |Gi \ Gj|"
9,24,cluster_24,10,0.001493205913095416,Club,0.6,180,2160.0,1.0,2160.0,"min(|Gi| / 10, 1) * sum_j |Gi \ Gj|"
10,16,cluster_16,126,0.01881439450500224,Basal,0.984126984126984,165,2133.0,1.0,2133.0,"min(|Gi| / 10, 1) * sum_j |Gi \ Gj|"
11,25,cluster_25,10,0.001493205913095416,Ionocyte,0.7,128,1719.0,1.0,1719.0,"min(|Gi| / 10, 1) * sum_j |Gi \ Gj|"
12,26,cluster_26,8,0.0011945647304763326,Club,1.0,121,1624.0,1.0,1624.0,"min(|Gi| / 10, 1) * sum_j |Gi \ Gj|"
13,18,cluster_18,65,0.009705838435120203,Goblet,0.8615384615384616,97,1280.0,1.0,1280.0,"min(|Gi| / 10, 1) * sum_j |Gi \ Gj|"
14,14,cluster_14,194,0.028968194714051067,Club,1.0,53,691.0,1.0,691.0,"min(|Gi| / 10, 1) * sum_j |Gi \ Gj|"
15,15,cluster_15,177,0.02642974466178886,Club,1.0,26,336.0,1.0,336.0,"min(|Gi| / 10, 1) * sum_j |Gi \ Gj|"
