Dataset,Method,cluster_id,cluster_size,dominant_label,dominant_count,dominant_frac,top3,label_entropy,tp,fp,fn,tn,f1,precision,is_dominant_rare,n_rare_types_hit,hit_types
Airway.h5,RAG,0,727,Basal,705,0.9697386519944979,Basal:705;Club:15;Neuroendocrine:4,0.16377974327159778,705,22,2867,3103,0.3279832519190509,0.9697386519944979,False,0,
Airway.h5,RAG,1,616,Basal,572,0.9285714285714286,Basal:572;Club:31;Tuft:6,0.32203730906919725,572,44,3000,3081,0.2731614135625597,0.9285714285714286,False,0,
Airway.h5,RAG,10,244,Club,240,0.9836065573770492,Club:240;Basal:2;Goblet:1,0.1006943074072437,240,4,2232,4221,0.17673048600883653,0.9836065573770492,False,0,
Airway.h5,RAG,100,1,Club,1,1.0,Club:1,-1.000088900581841e-12,1,0,2471,4225,0.0008087343307723413,1.0,False,0,
Airway.h5,RAG,101,1,Club,1,1.0,Club:1,-1.000088900581841e-12,1,0,2471,4225,0.0008087343307723413,1.0,False,0,
Airway.h5,RAG,102,1,Club,1,1.0,Club:1,-1.000088900581841e-12,1,0,2471,4225,0.0008087343307723413,1.0,False,0,
Airway.h5,RAG,103,1,Club,1,1.0,Club:1,-1.000088900581841e-12,1,0,2471,4225,0.0008087343307723413,1.0,False,0,
Airway.h5,RAG,104,1,Tuft,1,1.0,Tuft:1,-1.000088900581841e-12,1,0,136,6560,0.014492753623188404,1.0,True,0,
Airway.h5,RAG,105,1,Club,1,1.0,Club:1,-1.000088900581841e-12,1,0,2471,4225,0.0008087343307723413,1.0,False,0,
Airway.h5,RAG,106,1,Club,1,1.0,Club:1,-1.000088900581841e-12,1,0,2471,4225,0.0008087343307723413,1.0,False,0,
Airway.h5,RAG,107,1,Club,1,1.0,Club:1,-1.000088900581841e-12,1,0,2471,4225,0.0008087343307723413,1.0,False,0,
Airway.h5,RAG,108,1,Club,1,1.0,Club:1,-1.000088900581841e-12,1,0,2471,4225,0.0008087343307723413,1.0,False,0,
Airway.h5,RAG,109,1,Club,1,1.0,Club:1,-1.000088900581841e-12,1,0,2471,4225,0.0008087343307723413,1.0,False,0,
Airway.h5,RAG,11,224,Club,208,0.9285714285714286,Club:208;Basal:16,0.2573186405418316,208,16,2264,4209,0.1543026706231454,0.9285714285714286,False,0,
Airway.h5,RAG,110,1,Club,1,1.0,Club:1,-1.000088900581841e-12,1,0,2471,4225,0.0008087343307723413,1.0,False,0,
Airway.h5,RAG,111,1,Club,1,1.0,Club:1,-1.000088900581841e-12,1,0,2471,4225,0.0008087343307723413,1.0,False,0,
Airway.h5,RAG,112,1,Club,1,1.0,Club:1,-1.000088900581841e-12,1,0,2471,4225,0.0008087343307723413,1.0,False,0,
Airway.h5,RAG,113,1,Club,1,1.0,Club:1,-1.000088900581841e-12,1,0,2471,4225,0.0008087343307723413,1.0,False,0,
Airway.h5,RAG,114,1,Club,1,1.0,Club:1,-1.000088900581841e-12,1,0,2471,4225,0.0008087343307723413,1.0,False,0,
Airway.h5,RAG,115,1,Club,1,1.0,Club:1,-1.000088900581841e-12,1,0,2471,4225,0.0008087343307723413,1.0,False,0,
Airway.h5,RAG,116,1,Club,1,1.0,Club:1,-1.000088900581841e-12,1,0,2471,4225,0.0008087343307723413,1.0,False,0,
Airway.h5,RAG,117,1,Club,1,1.0,Club:1,-1.000088900581841e-12,1,0,2471,4225,0.0008087343307723413,1.0,False,0,
Airway.h5,RAG,118,1,Club,1,1.0,Club:1,-1.000088900581841e-12,1,0,2471,4225,0.0008087343307723413,1.0,False,0,
Airway.h5,RAG,119,1,Neuroendocrine,1,1.0,Neuroendocrine:1,-1.000088900581841e-12,1,0,83,6613,0.023529411764705882,1.0,True,0,
Airway.h5,RAG,12,215,Club,210,0.9767441860465116,Club:210;Basal:5,0.11045304667059809,210,5,2262,4220,0.15630815035355414,0.9767441860465116,False,0,
Airway.h5,RAG,120,1,Club,1,1.0,Club:1,-1.000088900581841e-12,1,0,2471,4225,0.0008087343307723413,1.0,False,0,
Airway.h5,RAG,121,1,Club,1,1.0,Club:1,-1.000088900581841e-12,1,0,2471,4225,0.0008087343307723413,1.0,False,0,
Airway.h5,RAG,122,1,Basal,1,1.0,Basal:1,-1.000088900581841e-12,1,0,3571,3125,0.000559753708368318,1.0,False,0,
Airway.h5,RAG,123,1,Goblet,1,1.0,Goblet:1,-1.000088900581841e-12,1,0,62,6634,0.03125,1.0,True,0,
Airway.h5,RAG,124,1,Club,1,1.0,Club:1,-1.000088900581841e-12,1,0,2471,4225,0.0008087343307723413,1.0,False,0,
Airway.h5,RAG,125,1,Club,1,1.0,Club:1,-1.000088900581841e-12,1,0,2471,4225,0.0008087343307723413,1.0,False,0,
Airway.h5,RAG,126,1,Club,1,1.0,Club:1,-1.000088900581841e-12,1,0,2471,4225,0.0008087343307723413,1.0,False,0,
Airway.h5,RAG,127,1,Club,1,1.0,Club:1,-1.000088900581841e-12,1,0,2471,4225,0.0008087343307723413,1.0,False,0,
Airway.h5,RAG,128,1,Club,1,1.0,Club:1,-1.000088900581841e-12,1,0,2471,4225,0.0008087343307723413,1.0,False,0,
Airway.h5,RAG,129,1,Club,1,1.0,Club:1,-1.000088900581841e-12,1,0,2471,4225,0.0008087343307723413,1.0,False,0,
Airway.h5,RAG,13,206,Basal,149,0.7233009708737864,Basal:149;Club:55;Ciliated:2,0.6318683089090121,149,57,3423,3068,0.07887771307570142,0.7233009708737864,False,0,
Airway.h5,RAG,130,1,Club,1,1.0,Club:1,-1.000088900581841e-12,1,0,2471,4225,0.0008087343307723413,1.0,False,0,
Airway.h5,RAG,131,1,Club,1,1.0,Club:1,-1.000088900581841e-12,1,0,2471,4225,0.0008087343307723413,1.0,False,0,
Airway.h5,RAG,132,1,Club,1,1.0,Club:1,-1.000088900581841e-12,1,0,2471,4225,0.0008087343307723413,1.0,False,0,
Airway.h5,RAG,133,1,Club,1,1.0,Club:1,-1.000088900581841e-12,1,0,2471,4225,0.0008087343307723413,1.0,False,0,
Airway.h5,RAG,134,1,Club,1,1.0,Club:1,-1.000088900581841e-12,1,0,2471,4225,0.0008087343307723413,1.0,False,0,
Airway.h5,RAG,135,1,Club,1,1.0,Club:1,-1.000088900581841e-12,1,0,2471,4225,0.0008087343307723413,1.0,False,0,
Airway.h5,RAG,136,1,Club,1,1.0,Club:1,-1.000088900581841e-12,1,0,2471,4225,0.0008087343307723413,1.0,False,0,
Airway.h5,RAG,137,1,Club,1,1.0,Club:1,-1.000088900581841e-12,1,0,2471,4225,0.0008087343307723413,1.0,False,0,
Airway.h5,RAG,138,1,Club,1,1.0,Club:1,-1.000088900581841e-12,1,0,2471,4225,0.0008087343307723413,1.0,False,0,
Airway.h5,RAG,139,1,Club,1,1.0,Club:1,-1.000088900581841e-12,1,0,2471,4225,0.0008087343307723413,1.0,False,0,
Airway.h5,RAG,14,194,Club,194,1.0,Club:194,-1.000088900581841e-12,194,0,2278,4225,0.145536384096024,1.0,False,0,
Airway.h5,RAG,140,1,Club,1,1.0,Club:1,-1.000088900581841e-12,1,0,2471,4225,0.0008087343307723413,1.0,False,0,
Airway.h5,RAG,141,1,Goblet,1,1.0,Goblet:1,-1.000088900581841e-12,1,0,62,6634,0.03125,1.0,True,0,
Airway.h5,RAG,142,1,Club,1,1.0,Club:1,-1.000088900581841e-12,1,0,2471,4225,0.0008087343307723413,1.0,False,0,
Airway.h5,RAG,143,1,Basal,1,1.0,Basal:1,-1.000088900581841e-12,1,0,3571,3125,0.000559753708368318,1.0,False,0,
Airway.h5,RAG,144,1,Club,1,1.0,Club:1,-1.000088900581841e-12,1,0,2471,4225,0.0008087343307723413,1.0,False,0,
Airway.h5,RAG,145,1,Basal,1,1.0,Basal:1,-1.000088900581841e-12,1,0,3571,3125,0.000559753708368318,1.0,False,0,
Airway.h5,RAG,146,1,Club,1,1.0,Club:1,-1.000088900581841e-12,1,0,2471,4225,0.0008087343307723413,1.0,False,0,
Airway.h5,RAG,147,1,Club,1,1.0,Club:1,-1.000088900581841e-12,1,0,2471,4225,0.0008087343307723413,1.0,False,0,
Airway.h5,RAG,148,1,Club,1,1.0,Club:1,-1.000088900581841e-12,1,0,2471,4225,0.0008087343307723413,1.0,False,0,
Airway.h5,RAG,149,1,Club,1,1.0,Club:1,-1.000088900581841e-12,1,0,2471,4225,0.0008087343307723413,1.0,False,0,
Airway.h5,RAG,15,177,Club,177,1.0,Club:177,-1.000088900581841e-12,177,0,2295,4225,0.13363533408833522,1.0,False,0,
Airway.h5,RAG,150,1,Club,1,1.0,Club:1,-1.000088900581841e-12,1,0,2471,4225,0.0008087343307723413,1.0,False,0,
Airway.h5,RAG,151,1,Club,1,1.0,Club:1,-1.000088900581841e-12,1,0,2471,4225,0.0008087343307723413,1.0,False,0,
Airway.h5,RAG,152,1,Club,1,1.0,Club:1,-1.000088900581841e-12,1,0,2471,4225,0.0008087343307723413,1.0,False,0,
Airway.h5,RAG,153,1,Club,1,1.0,Club:1,-1.000088900581841e-12,1,0,2471,4225,0.0008087343307723413,1.0,False,0,
Airway.h5,RAG,154,1,Club,1,1.0,Club:1,-1.000088900581841e-12,1,0,2471,4225,0.0008087343307723413,1.0,False,0,
Airway.h5,RAG,155,1,Club,1,1.0,Club:1,-1.000088900581841e-12,1,0,2471,4225,0.0008087343307723413,1.0,False,0,
Airway.h5,RAG,156,1,Basal,1,1.0,Basal:1,-1.000088900581841e-12,1,0,3571,3125,0.000559753708368318,1.0,False,0,
Airway.h5,RAG,157,1,Basal,1,1.0,Basal:1,-1.000088900581841e-12,1,0,3571,3125,0.000559753708368318,1.0,False,0,
Airway.h5,RAG,158,1,Basal,1,1.0,Basal:1,-1.000088900581841e-12,1,0,3571,3125,0.000559753708368318,1.0,False,0,
Airway.h5,RAG,159,1,Club,1,1.0,Club:1,-1.000088900581841e-12,1,0,2471,4225,0.0008087343307723413,1.0,False,0,
Airway.h5,RAG,16,126,Basal,124,0.9841269841269841,Basal:124;Tuft:1;Club:1,0.09251274714669576,124,2,3448,3123,0.0670632774472688,0.9841269841269841,False,0,
Airway.h5,RAG,160,1,Basal,1,1.0,Basal:1,-1.000088900581841e-12,1,0,3571,3125,0.000559753708368318,1.0,False,0,
Airway.h5,RAG,161,1,Basal,1,1.0,Basal:1,-1.000088900581841e-12,1,0,3571,3125,0.000559753708368318,1.0,False,0,
Airway.h5,RAG,162,1,Basal,1,1.0,Basal:1,-1.000088900581841e-12,1,0,3571,3125,0.000559753708368318,1.0,False,0,
Airway.h5,RAG,163,1,Basal,1,1.0,Basal:1,-1.000088900581841e-12,1,0,3571,3125,0.000559753708368318,1.0,False,0,
Airway.h5,RAG,164,1,Basal,1,1.0,Basal:1,-1.000088900581841e-12,1,0,3571,3125,0.000559753708368318,1.0,False,0,
Airway.h5,RAG,165,1,Basal,1,1.0,Basal:1,-1.000088900581841e-12,1,0,3571,3125,0.000559753708368318,1.0,False,0,
Airway.h5,RAG,166,1,Tuft,1,1.0,Tuft:1,-1.000088900581841e-12,1,0,136,6560,0.014492753623188404,1.0,True,0,
Airway.h5,RAG,167,1,Basal,1,1.0,Basal:1,-1.000088900581841e-12,1,0,3571,3125,0.000559753708368318,1.0,False,0,
Airway.h5,RAG,168,1,Club,1,1.0,Club:1,-1.000088900581841e-12,1,0,2471,4225,0.0008087343307723413,1.0,False,0,
Airway.h5,RAG,169,1,Club,1,1.0,Club:1,-1.000088900581841e-12,1,0,2471,4225,0.0008087343307723413,1.0,False,0,
Airway.h5,RAG,17,98,Tuft,98,1.0,Tuft:98,-1.000088900581841e-12,98,0,39,6560,0.8340425531914893,1.0,True,1,Tuft
Airway.h5,RAG,170,1,Basal,1,1.0,Basal:1,-1.000088900581841e-12,1,0,3571,3125,0.000559753708368318,1.0,False,0,
Airway.h5,RAG,171,1,Basal,1,1.0,Basal:1,-1.000088900581841e-12,1,0,3571,3125,0.000559753708368318,1.0,False,0,
Airway.h5,RAG,172,1,Club,1,1.0,Club:1,-1.000088900581841e-12,1,0,2471,4225,0.0008087343307723413,1.0,False,0,
Airway.h5,RAG,173,1,Basal,1,1.0,Basal:1,-1.000088900581841e-12,1,0,3571,3125,0.000559753708368318,1.0,False,0,
Airway.h5,RAG,174,1,Basal,1,1.0,Basal:1,-1.000088900581841e-12,1,0,3571,3125,0.000559753708368318,1.0,False,0,
Airway.h5,RAG,175,1,Basal,1,1.0,Basal:1,-1.000088900581841e-12,1,0,3571,3125,0.000559753708368318,1.0,False,0,
Airway.h5,RAG,176,1,Basal,1,1.0,Basal:1,-1.000088900581841e-12,1,0,3571,3125,0.000559753708368318,1.0,False,0,
Airway.h5,RAG,177,1,Basal,1,1.0,Basal:1,-1.000088900581841e-12,1,0,3571,3125,0.000559753708368318,1.0,False,0,
Airway.h5,RAG,178,1,Ciliated,1,1.0,Ciliated:1,-1.000088900581841e-12,1,0,352,6344,0.005649717514124295,1.0,False,0,
Airway.h5,RAG,179,1,Basal,1,1.0,Basal:1,-1.000088900581841e-12,1,0,3571,3125,0.000559753708368318,1.0,False,0,
Airway.h5,RAG,18,65,Goblet,56,0.8615384615384616,Goblet:56;Club:6;Tuft:3,0.4902936027766215,56,9,7,6625,0.8750000000000001,0.8615384615384616,True,1,Goblet
Airway.h5,RAG,180,1,Ciliated,1,1.0,Ciliated:1,-1.000088900581841e-12,1,0,352,6344,0.005649717514124295,1.0,False,0,
Airway.h5,RAG,181,1,Basal,1,1.0,Basal:1,-1.000088900581841e-12,1,0,3571,3125,0.000559753708368318,1.0,False,0,
Airway.h5,RAG,182,1,Basal,1,1.0,Basal:1,-1.000088900581841e-12,1,0,3571,3125,0.000559753708368318,1.0,False,0,
Airway.h5,RAG,183,1,Basal,1,1.0,Basal:1,-1.000088900581841e-12,1,0,3571,3125,0.000559753708368318,1.0,False,0,
Airway.h5,RAG,184,1,Basal,1,1.0,Basal:1,-1.000088900581841e-12,1,0,3571,3125,0.000559753708368318,1.0,False,0,
Airway.h5,RAG,185,1,Tuft,1,1.0,Tuft:1,-1.000088900581841e-12,1,0,136,6560,0.014492753623188404,1.0,True,0,
Airway.h5,RAG,186,1,Basal,1,1.0,Basal:1,-1.000088900581841e-12,1,0,3571,3125,0.000559753708368318,1.0,False,0,
Airway.h5,RAG,187,1,Ciliated,1,1.0,Ciliated:1,-1.000088900581841e-12,1,0,352,6344,0.005649717514124295,1.0,False,0,
Airway.h5,RAG,188,1,Basal,1,1.0,Basal:1,-1.000088900581841e-12,1,0,3571,3125,0.000559753708368318,1.0,False,0,
Airway.h5,RAG,189,1,Basal,1,1.0,Basal:1,-1.000088900581841e-12,1,0,3571,3125,0.000559753708368318,1.0,False,0,
Airway.h5,RAG,19,47,Neuroendocrine,47,1.0,Neuroendocrine:47,-1.000088900581841e-12,47,0,37,6613,0.7175572519083969,1.0,True,1,Neuroendocrine
Airway.h5,RAG,190,1,Basal,1,1.0,Basal:1,-1.000088900581841e-12,1,0,3571,3125,0.000559753708368318,1.0,False,0,
Airway.h5,RAG,191,1,Basal,1,1.0,Basal:1,-1.000088900581841e-12,1,0,3571,3125,0.000559753708368318,1.0,False,0,
Airway.h5,RAG,192,1,Club,1,1.0,Club:1,-1.000088900581841e-12,1,0,2471,4225,0.0008087343307723413,1.0,False,0,
Airway.h5,RAG,193,1,Basal,1,1.0,Basal:1,-1.000088900581841e-12,1,0,3571,3125,0.000559753708368318,1.0,False,0,
Airway.h5,RAG,194,1,Club,1,1.0,Club:1,-1.000088900581841e-12,1,0,2471,4225,0.0008087343307723413,1.0,False,0,
Airway.h5,RAG,195,1,Basal,1,1.0,Basal:1,-1.000088900581841e-12,1,0,3571,3125,0.000559753708368318,1.0,False,0,
Airway.h5,RAG,196,1,Basal,1,1.0,Basal:1,-1.000088900581841e-12,1,0,3571,3125,0.000559753708368318,1.0,False,0,
Airway.h5,RAG,197,1,Club,1,1.0,Club:1,-1.000088900581841e-12,1,0,2471,4225,0.0008087343307723413,1.0,False,0,
Airway.h5,RAG,198,1,Basal,1,1.0,Basal:1,-1.000088900581841e-12,1,0,3571,3125,0.000559753708368318,1.0,False,0,
Airway.h5,RAG,199,1,Club,1,1.0,Club:1,-1.000088900581841e-12,1,0,2471,4225,0.0008087343307723413,1.0,False,0,
Airway.h5,RAG,2,583,Basal,544,0.9331046312178388,Basal:544;Club:35;Tuft:2,0.2747877578671353,544,39,3028,3086,0.2618531889290012,0.9331046312178388,False,0,
Airway.h5,RAG,20,33,Ciliated,33,1.0,Ciliated:33,-1.000088900581841e-12,33,0,320,6344,0.17098445595854922,1.0,False,0,
Airway.h5,RAG,200,1,Basal,1,1.0,Basal:1,-1.000088900581841e-12,1,0,3571,3125,0.000559753708368318,1.0,False,0,
Airway.h5,RAG,201,1,Ciliated,1,1.0,Ciliated:1,-1.000088900581841e-12,1,0,352,6344,0.005649717514124295,1.0,False,0,
Airway.h5,RAG,202,1,Basal,1,1.0,Basal:1,-1.000088900581841e-12,1,0,3571,3125,0.000559753708368318,1.0,False,0,
Airway.h5,RAG,203,1,Basal,1,1.0,Basal:1,-1.000088900581841e-12,1,0,3571,3125,0.000559753708368318,1.0,False,0,
Airway.h5,RAG,204,1,Club,1,1.0,Club:1,-1.000088900581841e-12,1,0,2471,4225,0.0008087343307723413,1.0,False,0,
Airway.h5,RAG,205,1,Club,1,1.0,Club:1,-1.000088900581841e-12,1,0,2471,4225,0.0008087343307723413,1.0,False,0,
Airway.h5,RAG,206,1,Basal,1,1.0,Basal:1,-1.000088900581841e-12,1,0,3571,3125,0.000559753708368318,1.0,False,0,
Airway.h5,RAG,207,1,Club,1,1.0,Club:1,-1.000088900581841e-12,1,0,2471,4225,0.0008087343307723413,1.0,False,0,
Airway.h5,RAG,208,1,Basal,1,1.0,Basal:1,-1.000088900581841e-12,1,0,3571,3125,0.000559753708368318,1.0,False,0,
Airway.h5,RAG,209,1,Basal,1,1.0,Basal:1,-1.000088900581841e-12,1,0,3571,3125,0.000559753708368318,1.0,False,0,
Airway.h5,RAG,21,22,Ciliated,22,1.0,Ciliated:22,-1.000088900581841e-12,22,0,331,6344,0.11733333333333333,1.0,False,0,
Airway.h5,RAG,210,1,Basal,1,1.0,Basal:1,-1.000088900581841e-12,1,0,3571,3125,0.000559753708368318,1.0,False,0,
Airway.h5,RAG,211,1,Basal,1,1.0,Basal:1,-1.000088900581841e-12,1,0,3571,3125,0.000559753708368318,1.0,False,0,
Airway.h5,RAG,212,1,Basal,1,1.0,Basal:1,-1.000088900581841e-12,1,0,3571,3125,0.000559753708368318,1.0,False,0,
Airway.h5,RAG,213,1,Basal,1,1.0,Basal:1,-1.000088900581841e-12,1,0,3571,3125,0.000559753708368318,1.0,False,0,
Airway.h5,RAG,214,1,Basal,1,1.0,Basal:1,-1.000088900581841e-12,1,0,3571,3125,0.000559753708368318,1.0,False,0,
Airway.h5,RAG,215,1,Basal,1,1.0,Basal:1,-1.000088900581841e-12,1,0,3571,3125,0.000559753708368318,1.0,False,0,
Airway.h5,RAG,216,1,Basal,1,1.0,Basal:1,-1.000088900581841e-12,1,0,3571,3125,0.000559753708368318,1.0,False,0,
Airway.h5,RAG,217,1,Basal,1,1.0,Basal:1,-1.000088900581841e-12,1,0,3571,3125,0.000559753708368318,1.0,False,0,
Airway.h5,RAG,218,1,Basal,1,1.0,Basal:1,-1.000088900581841e-12,1,0,3571,3125,0.000559753708368318,1.0,False,0,
Airway.h5,RAG,219,1,Basal,1,1.0,Basal:1,-1.000088900581841e-12,1,0,3571,3125,0.000559753708368318,1.0,False,0,
Airway.h5,RAG,22,20,Ciliated,20,1.0,Ciliated:20,-1.000088900581841e-12,20,0,333,6344,0.10723860589812331,1.0,False,0,
Airway.h5,RAG,220,1,Basal,1,1.0,Basal:1,-1.000088900581841e-12,1,0,3571,3125,0.000559753708368318,1.0,False,0,
Airway.h5,RAG,221,1,Basal,1,1.0,Basal:1,-1.000088900581841e-12,1,0,3571,3125,0.000559753708368318,1.0,False,0,
Airway.h5,RAG,222,1,Ciliated,1,1.0,Ciliated:1,-1.000088900581841e-12,1,0,352,6344,0.005649717514124295,1.0,False,0,
Airway.h5,RAG,223,1,Basal,1,1.0,Basal:1,-1.000088900581841e-12,1,0,3571,3125,0.000559753708368318,1.0,False,0,
Airway.h5,RAG,224,1,Basal,1,1.0,Basal:1,-1.000088900581841e-12,1,0,3571,3125,0.000559753708368318,1.0,False,0,
Airway.h5,RAG,225,1,Basal,1,1.0,Basal:1,-1.000088900581841e-12,1,0,3571,3125,0.000559753708368318,1.0,False,0,
Airway.h5,RAG,226,1,Basal,1,1.0,Basal:1,-1.000088900581841e-12,1,0,3571,3125,0.000559753708368318,1.0,False,0,
Airway.h5,RAG,227,1,Basal,1,1.0,Basal:1,-1.000088900581841e-12,1,0,3571,3125,0.000559753708368318,1.0,False,0,
Airway.h5,RAG,228,1,Basal,1,1.0,Basal:1,-1.000088900581841e-12,1,0,3571,3125,0.000559753708368318,1.0,False,0,
Airway.h5,RAG,229,1,Basal,1,1.0,Basal:1,-1.000088900581841e-12,1,0,3571,3125,0.000559753708368318,1.0,False,0,
Airway.h5,RAG,23,18,Club,11,0.6111111111111112,Club:11;Basal:5;Goblet:1,0.9779252266170215,11,7,2461,4218,0.008835341365461847,0.6111111111111112,False,0,
Airway.h5,RAG,230,1,Neuroendocrine,1,1.0,Neuroendocrine:1,-1.000088900581841e-12,1,0,83,6613,0.023529411764705882,1.0,True,0,
Airway.h5,RAG,231,1,Basal,1,1.0,Basal:1,-1.000088900581841e-12,1,0,3571,3125,0.000559753708368318,1.0,False,0,
Airway.h5,RAG,232,1,Basal,1,1.0,Basal:1,-1.000088900581841e-12,1,0,3571,3125,0.000559753708368318,1.0,False,0,
Airway.h5,RAG,233,1,Basal,1,1.0,Basal:1,-1.000088900581841e-12,1,0,3571,3125,0.000559753708368318,1.0,False,0,
Airway.h5,RAG,234,1,Basal,1,1.0,Basal:1,-1.000088900581841e-12,1,0,3571,3125,0.000559753708368318,1.0,False,0,
Airway.h5,RAG,235,1,Basal,1,1.0,Basal:1,-1.000088900581841e-12,1,0,3571,3125,0.000559753708368318,1.0,False,0,
Airway.h5,RAG,236,1,Basal,1,1.0,Basal:1,-1.000088900581841e-12,1,0,3571,3125,0.000559753708368318,1.0,False,0,
Airway.h5,RAG,237,1,Basal,1,1.0,Basal:1,-1.000088900581841e-12,1,0,3571,3125,0.000559753708368318,1.0,False,0,
Airway.h5,RAG,238,1,Basal,1,1.0,Basal:1,-1.000088900581841e-12,1,0,3571,3125,0.000559753708368318,1.0,False,0,
Airway.h5,RAG,239,1,Basal,1,1.0,Basal:1,-1.000088900581841e-12,1,0,3571,3125,0.000559753708368318,1.0,False,0,
Airway.h5,RAG,24,10,Club,6,0.6,Club:6;Ciliated:4,0.6730116670072565,6,4,2466,4221,0.0048348106365834,0.6,False,0,
Airway.h5,RAG,240,1,Basal,1,1.0,Basal:1,-1.000088900581841e-12,1,0,3571,3125,0.000559753708368318,1.0,False,0,
Airway.h5,RAG,241,1,Ciliated,1,1.0,Ciliated:1,-1.000088900581841e-12,1,0,352,6344,0.005649717514124295,1.0,False,0,
Airway.h5,RAG,242,1,Basal,1,1.0,Basal:1,-1.000088900581841e-12,1,0,3571,3125,0.000559753708368318,1.0,False,0,
Airway.h5,RAG,243,1,Neuroendocrine,1,1.0,Neuroendocrine:1,-1.000088900581841e-12,1,0,83,6613,0.023529411764705882,1.0,True,0,
Airway.h5,RAG,244,1,Club,1,1.0,Club:1,-1.000088900581841e-12,1,0,2471,4225,0.0008087343307723413,1.0,False,0,
Airway.h5,RAG,245,1,Basal,1,1.0,Basal:1,-1.000088900581841e-12,1,0,3571,3125,0.000559753708368318,1.0,False,0,
Airway.h5,RAG,246,1,Basal,1,1.0,Basal:1,-1.000088900581841e-12,1,0,3571,3125,0.000559753708368318,1.0,False,0,
Airway.h5,RAG,247,1,Basal,1,1.0,Basal:1,-1.000088900581841e-12,1,0,3571,3125,0.000559753708368318,1.0,False,0,
Airway.h5,RAG,248,1,Basal,1,1.0,Basal:1,-1.000088900581841e-12,1,0,3571,3125,0.000559753708368318,1.0,False,0,
Airway.h5,RAG,249,1,Basal,1,1.0,Basal:1,-1.000088900581841e-12,1,0,3571,3125,0.000559753708368318,1.0,False,0,
Airway.h5,RAG,25,10,Ionocyte,7,0.7,Ionocyte:7;Basal:2;Neuroendocrine:1,0.8018185525403374,7,3,9,6678,0.5384615384615384,0.7,True,1,Ionocyte
Airway.h5,RAG,250,1,Club,1,1.0,Club:1,-1.000088900581841e-12,1,0,2471,4225,0.0008087343307723413,1.0,False,0,
Airway.h5,RAG,251,1,Club,1,1.0,Club:1,-1.000088900581841e-12,1,0,2471,4225,0.0008087343307723413,1.0,False,0,
Airway.h5,RAG,252,1,Basal,1,1.0,Basal:1,-1.000088900581841e-12,1,0,3571,3125,0.000559753708368318,1.0,False,0,
Airway.h5,RAG,253,1,Basal,1,1.0,Basal:1,-1.000088900581841e-12,1,0,3571,3125,0.000559753708368318,1.0,False,0,
Airway.h5,RAG,254,1,Basal,1,1.0,Basal:1,-1.000088900581841e-12,1,0,3571,3125,0.000559753708368318,1.0,False,0,
Airway.h5,RAG,255,1,Ciliated,1,1.0,Ciliated:1,-1.000088900581841e-12,1,0,352,6344,0.005649717514124295,1.0,False,0,
Airway.h5,RAG,256,1,Basal,1,1.0,Basal:1,-1.000088900581841e-12,1,0,3571,3125,0.000559753708368318,1.0,False,0,
Airway.h5,RAG,257,1,Basal,1,1.0,Basal:1,-1.000088900581841e-12,1,0,3571,3125,0.000559753708368318,1.0,False,0,
Airway.h5,RAG,258,1,Basal,1,1.0,Basal:1,-1.000088900581841e-12,1,0,3571,3125,0.000559753708368318,1.0,False,0,
Airway.h5,RAG,259,1,Basal,1,1.0,Basal:1,-1.000088900581841e-12,1,0,3571,3125,0.000559753708368318,1.0,False,0,
Airway.h5,RAG,26,8,Club,8,1.0,Club:8,-1.000088900581841e-12,8,0,2464,4225,0.0064516129032258064,1.0,False,0,
Airway.h5,RAG,260,1,Club,1,1.0,Club:1,-1.000088900581841e-12,1,0,2471,4225,0.0008087343307723413,1.0,False,0,
Airway.h5,RAG,261,1,Basal,1,1.0,Basal:1,-1.000088900581841e-12,1,0,3571,3125,0.000559753708368318,1.0,False,0,
Airway.h5,RAG,262,1,Club,1,1.0,Club:1,-1.000088900581841e-12,1,0,2471,4225,0.0008087343307723413,1.0,False,0,
Airway.h5,RAG,263,1,Basal,1,1.0,Basal:1,-1.000088900581841e-12,1,0,3571,3125,0.000559753708368318,1.0,False,0,
Airway.h5,RAG,264,1,Basal,1,1.0,Basal:1,-1.000088900581841e-12,1,0,3571,3125,0.000559753708368318,1.0,False,0,
Airway.h5,RAG,265,1,Club,1,1.0,Club:1,-1.000088900581841e-12,1,0,2471,4225,0.0008087343307723413,1.0,False,0,
Airway.h5,RAG,266,1,Basal,1,1.0,Basal:1,-1.000088900581841e-12,1,0,3571,3125,0.000559753708368318,1.0,False,0,
Airway.h5,RAG,267,1,Tuft,1,1.0,Tuft:1,-1.000088900581841e-12,1,0,136,6560,0.014492753623188404,1.0,True,0,
Airway.h5,RAG,268,1,Basal,1,1.0,Basal:1,-1.000088900581841e-12,1,0,3571,3125,0.000559753708368318,1.0,False,0,
Airway.h5,RAG,269,1,Basal,1,1.0,Basal:1,-1.000088900581841e-12,1,0,3571,3125,0.000559753708368318,1.0,False,0,
Airway.h5,RAG,27,7,Neuroendocrine,7,1.0,Neuroendocrine:7,-1.000088900581841e-12,7,0,77,6613,0.15384615384615385,1.0,True,0,
Airway.h5,RAG,270,1,Basal,1,1.0,Basal:1,-1.000088900581841e-12,1,0,3571,3125,0.000559753708368318,1.0,False,0,
Airway.h5,RAG,271,1,Basal,1,1.0,Basal:1,-1.000088900581841e-12,1,0,3571,3125,0.000559753708368318,1.0,False,0,
Airway.h5,RAG,272,1,Basal,1,1.0,Basal:1,-1.000088900581841e-12,1,0,3571,3125,0.000559753708368318,1.0,False,0,
Airway.h5,RAG,273,1,Basal,1,1.0,Basal:1,-1.000088900581841e-12,1,0,3571,3125,0.000559753708368318,1.0,False,0,
Airway.h5,RAG,274,1,Basal,1,1.0,Basal:1,-1.000088900581841e-12,1,0,3571,3125,0.000559753708368318,1.0,False,0,
Airway.h5,RAG,275,1,Basal,1,1.0,Basal:1,-1.000088900581841e-12,1,0,3571,3125,0.000559753708368318,1.0,False,0,
Airway.h5,RAG,276,1,Basal,1,1.0,Basal:1,-1.000088900581841e-12,1,0,3571,3125,0.000559753708368318,1.0,False,0,
Airway.h5,RAG,277,1,Club,1,1.0,Club:1,-1.000088900581841e-12,1,0,2471,4225,0.0008087343307723413,1.0,False,0,
Airway.h5,RAG,278,1,Basal,1,1.0,Basal:1,-1.000088900581841e-12,1,0,3571,3125,0.000559753708368318,1.0,False,0,
Airway.h5,RAG,279,1,Basal,1,1.0,Basal:1,-1.000088900581841e-12,1,0,3571,3125,0.000559753708368318,1.0,False,0,
Airway.h5,RAG,28,7,Ciliated,7,1.0,Ciliated:7,-1.000088900581841e-12,7,0,346,6344,0.03888888888888889,1.0,False,0,
Airway.h5,RAG,280,1,Ciliated,1,1.0,Ciliated:1,-1.000088900581841e-12,1,0,352,6344,0.005649717514124295,1.0,False,0,
Airway.h5,RAG,281,1,Basal,1,1.0,Basal:1,-1.000088900581841e-12,1,0,3571,3125,0.000559753708368318,1.0,False,0,
Airway.h5,RAG,282,1,Basal,1,1.0,Basal:1,-1.000088900581841e-12,1,0,3571,3125,0.000559753708368318,1.0,False,0,
Airway.h5,RAG,283,1,Basal,1,1.0,Basal:1,-1.000088900581841e-12,1,0,3571,3125,0.000559753708368318,1.0,False,0,
Airway.h5,RAG,284,1,Ciliated,1,1.0,Ciliated:1,-1.000088900581841e-12,1,0,352,6344,0.005649717514124295,1.0,False,0,
Airway.h5,RAG,285,1,Basal,1,1.0,Basal:1,-1.000088900581841e-12,1,0,3571,3125,0.000559753708368318,1.0,False,0,
Airway.h5,RAG,286,1,Neuroendocrine,1,1.0,Neuroendocrine:1,-1.000088900581841e-12,1,0,83,6613,0.023529411764705882,1.0,True,0,
Airway.h5,RAG,287,1,Basal,1,1.0,Basal:1,-1.000088900581841e-12,1,0,3571,3125,0.000559753708368318,1.0,False,0,
Airway.h5,RAG,288,1,Basal,1,1.0,Basal:1,-1.000088900581841e-12,1,0,3571,3125,0.000559753708368318,1.0,False,0,
Airway.h5,RAG,289,1,Basal,1,1.0,Basal:1,-1.000088900581841e-12,1,0,3571,3125,0.000559753708368318,1.0,False,0,
Airway.h5,RAG,29,4,Club,2,0.5,Club:2;Basal:2,0.6931471805579453,2,2,2470,4223,0.0016155088852988692,0.5,False,0,
Airway.h5,RAG,290,1,Basal,1,1.0,Basal:1,-1.000088900581841e-12,1,0,3571,3125,0.000559753708368318,1.0,False,0,
Airway.h5,RAG,291,1,Basal,1,1.0,Basal:1,-1.000088900581841e-12,1,0,3571,3125,0.000559753708368318,1.0,False,0,
Airway.h5,RAG,292,1,Basal,1,1.0,Basal:1,-1.000088900581841e-12,1,0,3571,3125,0.000559753708368318,1.0,False,0,
Airway.h5,RAG,293,1,Basal,1,1.0,Basal:1,-1.000088900581841e-12,1,0,3571,3125,0.000559753708368318,1.0,False,0,
Airway.h5,RAG,294,1,Ciliated,1,1.0,Ciliated:1,-1.000088900581841e-12,1,0,352,6344,0.005649717514124295,1.0,False,0,
Airway.h5,RAG,295,1,Club,1,1.0,Club:1,-1.000088900581841e-12,1,0,2471,4225,0.0008087343307723413,1.0,False,0,
Airway.h5,RAG,296,1,Basal,1,1.0,Basal:1,-1.000088900581841e-12,1,0,3571,3125,0.000559753708368318,1.0,False,0,
Airway.h5,RAG,297,1,Basal,1,1.0,Basal:1,-1.000088900581841e-12,1,0,3571,3125,0.000559753708368318,1.0,False,0,
Airway.h5,RAG,298,1,Ciliated,1,1.0,Ciliated:1,-1.000088900581841e-12,1,0,352,6344,0.005649717514124295,1.0,False,0,
Airway.h5,RAG,299,1,Basal,1,1.0,Basal:1,-1.000088900581841e-12,1,0,3571,3125,0.000559753708368318,1.0,False,0,
Airway.h5,RAG,3,548,Club,544,0.9927007299270073,Club:544;Basal:4,0.043184834876467466,544,4,1928,4221,0.3602649006622517,0.9927007299270073,False,0,
Airway.h5,RAG,30,4,Tuft,4,1.0,Tuft:4,-1.000088900581841e-12,4,0,133,6560,0.05673758865248227,1.0,True,0,
Airway.h5,RAG,300,1,Club,1,1.0,Club:1,-1.000088900581841e-12,1,0,2471,4225,0.0008087343307723413,1.0,False,0,
Airway.h5,RAG,301,1,Basal,1,1.0,Basal:1,-1.000088900581841e-12,1,0,3571,3125,0.000559753708368318,1.0,False,0,
Airway.h5,RAG,302,1,Club,1,1.0,Club:1,-1.000088900581841e-12,1,0,2471,4225,0.0008087343307723413,1.0,False,0,
Airway.h5,RAG,303,1,Basal,1,1.0,Basal:1,-1.000088900581841e-12,1,0,3571,3125,0.000559753708368318,1.0,False,0,
Airway.h5,RAG,304,1,Club,1,1.0,Club:1,-1.000088900581841e-12,1,0,2471,4225,0.0008087343307723413,1.0,False,0,
Airway.h5,RAG,305,1,Ciliated,1,1.0,Ciliated:1,-1.000088900581841e-12,1,0,352,6344,0.005649717514124295,1.0,False,0,
Airway.h5,RAG,306,1,Ionocyte,1,1.0,Ionocyte:1,-1.000088900581841e-12,1,0,15,6681,0.11764705882352941,1.0,True,0,
Airway.h5,RAG,307,1,Basal,1,1.0,Basal:1,-1.000088900581841e-12,1,0,3571,3125,0.000559753708368318,1.0,False,0,
Airway.h5,RAG,308,1,Basal,1,1.0,Basal:1,-1.000088900581841e-12,1,0,3571,3125,0.000559753708368318,1.0,False,0,
Airway.h5,RAG,309,1,Tuft,1,1.0,Tuft:1,-1.000088900581841e-12,1,0,136,6560,0.014492753623188404,1.0,True,0,
Airway.h5,RAG,31,4,Tuft,4,1.0,Tuft:4,-1.000088900581841e-12,4,0,133,6560,0.05673758865248227,1.0,True,0,
Airway.h5,RAG,310,1,Basal,1,1.0,Basal:1,-1.000088900581841e-12,1,0,3571,3125,0.000559753708368318,1.0,False,0,
Airway.h5,RAG,311,1,Basal,1,1.0,Basal:1,-1.000088900581841e-12,1,0,3571,3125,0.000559753708368318,1.0,False,0,
Airway.h5,RAG,312,1,Basal,1,1.0,Basal:1,-1.000088900581841e-12,1,0,3571,3125,0.000559753708368318,1.0,False,0,
Airway.h5,RAG,313,1,Basal,1,1.0,Basal:1,-1.000088900581841e-12,1,0,3571,3125,0.000559753708368318,1.0,False,0,
Airway.h5,RAG,314,1,Club,1,1.0,Club:1,-1.000088900581841e-12,1,0,2471,4225,0.0008087343307723413,1.0,False,0,
Airway.h5,RAG,315,1,Basal,1,1.0,Basal:1,-1.000088900581841e-12,1,0,3571,3125,0.000559753708368318,1.0,False,0,
Airway.h5,RAG,316,1,Basal,1,1.0,Basal:1,-1.000088900581841e-12,1,0,3571,3125,0.000559753708368318,1.0,False,0,
Airway.h5,RAG,317,1,Neuroendocrine,1,1.0,Neuroendocrine:1,-1.000088900581841e-12,1,0,83,6613,0.023529411764705882,1.0,True,0,
Airway.h5,RAG,318,1,Club,1,1.0,Club:1,-1.000088900581841e-12,1,0,2471,4225,0.0008087343307723413,1.0,False,0,
Airway.h5,RAG,319,1,Basal,1,1.0,Basal:1,-1.000088900581841e-12,1,0,3571,3125,0.000559753708368318,1.0,False,0,
Airway.h5,RAG,32,4,Basal,4,1.0,Basal:4,-1.000088900581841e-12,4,0,3568,3125,0.0022371364653243847,1.0,False,0,
Airway.h5,RAG,33,3,Club,3,1.0,Club:3,-1.000088900581841e-12,3,0,2469,4225,0.0024242424242424242,1.0,False,0,
Airway.h5,RAG,34,3,Basal,3,1.0,Basal:3,-1.000088900581841e-12,3,0,3569,3125,0.0016783216783216783,1.0,False,0,
Airway.h5,RAG,35,3,Tuft,3,1.0,Tuft:3,-1.000088900581841e-12,3,0,134,6560,0.04285714285714286,1.0,True,0,
Airway.h5,RAG,36,3,Basal,3,1.0,Basal:3,-1.000088900581841e-12,3,0,3569,3125,0.0016783216783216783,1.0,False,0,
Airway.h5,RAG,37,3,Basal,3,1.0,Basal:3,-1.000088900581841e-12,3,0,3569,3125,0.0016783216783216783,1.0,False,0,
Airway.h5,RAG,38,3,Basal,3,1.0,Basal:3,-1.000088900581841e-12,3,0,3569,3125,0.0016783216783216783,1.0,False,0,
Airway.h5,RAG,39,3,Club,3,1.0,Club:3,-1.000088900581841e-12,3,0,2469,4225,0.0024242424242424242,1.0,False,0,
Airway.h5,RAG,4,517,Basal,510,0.9864603481624759,Basal:510;Neuroendocrine:5;Tuft:2,0.07979731543452036,510,7,3062,3118,0.24944974321349964,0.9864603481624759,False,0,
Airway.h5,RAG,40,2,Basal,2,1.0,Basal:2,-1.000088900581841e-12,2,0,3570,3125,0.001119194180190263,1.0,False,0,
Airway.h5,RAG,41,2,Club,2,1.0,Club:2,-1.000088900581841e-12,2,0,2470,4225,0.0016168148746968473,1.0,False,0,
Airway.h5,RAG,42,2,Club,2,1.0,Club:2,-1.000088900581841e-12,2,0,2470,4225,0.0016168148746968473,1.0,False,0,
Airway.h5,RAG,43,2,Club,2,1.0,Club:2,-1.000088900581841e-12,2,0,2470,4225,0.0016168148746968473,1.0,False,0,
Airway.h5,RAG,44,2,Club,2,1.0,Club:2,-1.000088900581841e-12,2,0,2470,4225,0.0016168148746968473,1.0,False,0,
Airway.h5,RAG,45,2,Club,2,1.0,Club:2,-1.000088900581841e-12,2,0,2470,4225,0.0016168148746968473,1.0,False,0,
Airway.h5,RAG,46,2,Club,2,1.0,Club:2,-1.000088900581841e-12,2,0,2470,4225,0.0016168148746968473,1.0,False,0,
Airway.h5,RAG,47,2,Club,2,1.0,Club:2,-1.000088900581841e-12,2,0,2470,4225,0.0016168148746968473,1.0,False,0,
Airway.h5,RAG,48,2,Club,2,1.0,Club:2,-1.000088900581841e-12,2,0,2470,4225,0.0016168148746968473,1.0,False,0,
Airway.h5,RAG,49,2,Basal,2,1.0,Basal:2,-1.000088900581841e-12,2,0,3570,3125,0.001119194180190263,1.0,False,0,
Airway.h5,RAG,5,477,Basal,447,0.9371069182389937,Basal:447;Club:15;Neuroendocrine:7,0.3064951347081362,447,30,3125,3095,0.2207952580884169,0.9371069182389937,False,0,
Airway.h5,RAG,50,2,Club,2,1.0,Club:2,-1.000088900581841e-12,2,0,2470,4225,0.0016168148746968473,1.0,False,0,
Airway.h5,RAG,51,2,Basal,1,0.5,Basal:1;Neuroendocrine:1,0.6931471805579453,1,1,3571,3124,0.0005595970900951316,0.5,False,0,
Airway.h5,RAG,52,2,Ciliated,2,1.0,Ciliated:2,-1.000088900581841e-12,2,0,351,6344,0.011267605633802816,1.0,False,0,
Airway.h5,RAG,53,2,Basal,2,1.0,Basal:2,-1.000088900581841e-12,2,0,3570,3125,0.001119194180190263,1.0,False,0,
Airway.h5,RAG,54,2,Basal,2,1.0,Basal:2,-1.000088900581841e-12,2,0,3570,3125,0.001119194180190263,1.0,False,0,
Airway.h5,RAG,55,2,Basal,2,1.0,Basal:2,-1.000088900581841e-12,2,0,3570,3125,0.001119194180190263,1.0,False,0,
Airway.h5,RAG,56,2,Basal,2,1.0,Basal:2,-1.000088900581841e-12,2,0,3570,3125,0.001119194180190263,1.0,False,0,
Airway.h5,RAG,57,2,Basal,2,1.0,Basal:2,-1.000088900581841e-12,2,0,3570,3125,0.001119194180190263,1.0,False,0,
Airway.h5,RAG,58,2,Club,2,1.0,Club:2,-1.000088900581841e-12,2,0,2470,4225,0.0016168148746968473,1.0,False,0,
Airway.h5,RAG,59,2,Basal,2,1.0,Basal:2,-1.000088900581841e-12,2,0,3570,3125,0.001119194180190263,1.0,False,0,
Airway.h5,RAG,6,333,Club,329,0.987987987987988,Club:329;Goblet:3;Tuft:1,0.07180964653056188,329,4,2143,4221,0.23458110516934041,0.987987987987988,False,0,
Airway.h5,RAG,60,2,Ciliated,2,1.0,Ciliated:2,-1.000088900581841e-12,2,0,351,6344,0.011267605633802816,1.0,False,0,
Airway.h5,RAG,61,2,Club,2,1.0,Club:2,-1.000088900581841e-12,2,0,2470,4225,0.0016168148746968473,1.0,False,0,
Airway.h5,RAG,62,2,Basal,2,1.0,Basal:2,-1.000088900581841e-12,2,0,3570,3125,0.001119194180190263,1.0,False,0,
Airway.h5,RAG,63,2,Basal,2,1.0,Basal:2,-1.000088900581841e-12,2,0,3570,3125,0.001119194180190263,1.0,False,0,
Airway.h5,RAG,64,2,Basal,2,1.0,Basal:2,-1.000088900581841e-12,2,0,3570,3125,0.001119194180190263,1.0,False,0,
Airway.h5,RAG,65,2,Basal,2,1.0,Basal:2,-1.000088900581841e-12,2,0,3570,3125,0.001119194180190263,1.0,False,0,
Airway.h5,RAG,66,2,Basal,2,1.0,Basal:2,-1.000088900581841e-12,2,0,3570,3125,0.001119194180190263,1.0,False,0,
Airway.h5,RAG,67,2,Basal,2,1.0,Basal:2,-1.000088900581841e-12,2,0,3570,3125,0.001119194180190263,1.0,False,0,
Airway.h5,RAG,68,2,Club,2,1.0,Club:2,-1.000088900581841e-12,2,0,2470,4225,0.0016168148746968473,1.0,False,0,
Airway.h5,RAG,69,2,Basal,2,1.0,Basal:2,-1.000088900581841e-12,2,0,3570,3125,0.001119194180190263,1.0,False,0,
Airway.h5,RAG,7,314,Basal,302,0.9617834394904459,Basal:302;Club:11;Ionocyte:1,0.17319614753584986,302,12,3270,3113,0.15542974781266083,0.9617834394904459,False,0,
Airway.h5,RAG,70,2,Basal,2,1.0,Basal:2,-1.000088900581841e-12,2,0,3570,3125,0.001119194180190263,1.0,False,0,
Airway.h5,RAG,71,2,Basal,2,1.0,Basal:2,-1.000088900581841e-12,2,0,3570,3125,0.001119194180190263,1.0,False,0,
Airway.h5,RAG,72,2,Basal,2,1.0,Basal:2,-1.000088900581841e-12,2,0,3570,3125,0.001119194180190263,1.0,False,0,
Airway.h5,RAG,73,2,Basal,2,1.0,Basal:2,-1.000088900581841e-12,2,0,3570,3125,0.001119194180190263,1.0,False,0,
Airway.h5,RAG,74,2,Ciliated,2,1.0,Ciliated:2,-1.000088900581841e-12,2,0,351,6344,0.011267605633802816,1.0,False,0,
Airway.h5,RAG,75,2,Basal,2,1.0,Basal:2,-1.000088900581841e-12,2,0,3570,3125,0.001119194180190263,1.0,False,0,
Airway.h5,RAG,76,2,Basal,2,1.0,Basal:2,-1.000088900581841e-12,2,0,3570,3125,0.001119194180190263,1.0,False,0,
Airway.h5,RAG,77,2,Ciliated,2,1.0,Ciliated:2,-1.000088900581841e-12,2,0,351,6344,0.011267605633802816,1.0,False,0,
Airway.h5,RAG,78,1,Club,1,1.0,Club:1,-1.000088900581841e-12,1,0,2471,4225,0.0008087343307723413,1.0,False,0,
Airway.h5,RAG,79,1,Basal,1,1.0,Basal:1,-1.000088900581841e-12,1,0,3571,3125,0.000559753708368318,1.0,False,0,
Airway.h5,RAG,8,251,Club,251,1.0,Club:251,-1.000088900581841e-12,251,0,2221,4225,0.18435549026808667,1.0,False,0,
Airway.h5,RAG,80,1,Club,1,1.0,Club:1,-1.000088900581841e-12,1,0,2471,4225,0.0008087343307723413,1.0,False,0,
Airway.h5,RAG,81,1,Club,1,1.0,Club:1,-1.000088900581841e-12,1,0,2471,4225,0.0008087343307723413,1.0,False,0,
Airway.h5,RAG,82,1,Basal,1,1.0,Basal:1,-1.000088900581841e-12,1,0,3571,3125,0.000559753708368318,1.0,False,0,
Airway.h5,RAG,83,1,Club,1,1.0,Club:1,-1.000088900581841e-12,1,0,2471,4225,0.0008087343307723413,1.0,False,0,
Airway.h5,RAG,84,1,Club,1,1.0,Club:1,-1.000088900581841e-12,1,0,2471,4225,0.0008087343307723413,1.0,False,0,
Airway.h5,RAG,85,1,Club,1,1.0,Club:1,-1.000088900581841e-12,1,0,2471,4225,0.0008087343307723413,1.0,False,0,
Airway.h5,RAG,86,1,Club,1,1.0,Club:1,-1.000088900581841e-12,1,0,2471,4225,0.0008087343307723413,1.0,False,0,
Airway.h5,RAG,87,1,Club,1,1.0,Club:1,-1.000088900581841e-12,1,0,2471,4225,0.0008087343307723413,1.0,False,0,
Airway.h5,RAG,88,1,Club,1,1.0,Club:1,-1.000088900581841e-12,1,0,2471,4225,0.0008087343307723413,1.0,False,0,
Airway.h5,RAG,89,1,Club,1,1.0,Club:1,-1.000088900581841e-12,1,0,2471,4225,0.0008087343307723413,1.0,False,0,
Airway.h5,RAG,9,245,Ciliated,245,1.0,Ciliated:245,-1.000088900581841e-12,245,0,108,6344,0.8193979933110369,1.0,False,0,
Airway.h5,RAG,90,1,Club,1,1.0,Club:1,-1.000088900581841e-12,1,0,2471,4225,0.0008087343307723413,1.0,False,0,
Airway.h5,RAG,91,1,Club,1,1.0,Club:1,-1.000088900581841e-12,1,0,2471,4225,0.0008087343307723413,1.0,False,0,
Airway.h5,RAG,92,1,Club,1,1.0,Club:1,-1.000088900581841e-12,1,0,2471,4225,0.0008087343307723413,1.0,False,0,
Airway.h5,RAG,93,1,Club,1,1.0,Club:1,-1.000088900581841e-12,1,0,2471,4225,0.0008087343307723413,1.0,False,0,
Airway.h5,RAG,94,1,Club,1,1.0,Club:1,-1.000088900581841e-12,1,0,2471,4225,0.0008087343307723413,1.0,False,0,
Airway.h5,RAG,95,1,Club,1,1.0,Club:1,-1.000088900581841e-12,1,0,2471,4225,0.0008087343307723413,1.0,False,0,
Airway.h5,RAG,96,1,Club,1,1.0,Club:1,-1.000088900581841e-12,1,0,2471,4225,0.0008087343307723413,1.0,False,0,
Airway.h5,RAG,97,1,Club,1,1.0,Club:1,-1.000088900581841e-12,1,0,2471,4225,0.0008087343307723413,1.0,False,0,
Airway.h5,RAG,98,1,Club,1,1.0,Club:1,-1.000088900581841e-12,1,0,2471,4225,0.0008087343307723413,1.0,False,0,
Airway.h5,RAG,99,1,Club,1,1.0,Club:1,-1.000088900581841e-12,1,0,2471,4225,0.0008087343307723413,1.0,False,0,
