group_kind,group_id,row_label,gene,scores,log2fc,pvals,fdr,pct_in,pct_bg,delta_pct,marker_rank
small_cluster,27,cluster_27,Ascl1,27.823666,8.100561,2.2441232730567862e-170,3.6805865801404355e-166,1.0,0.007922272047832586,0.9920777279521674,1
small_cluster,27,cluster_27,Fmnl1,25.205822,9.422575,3.458236424940696e-140,2.8359267802726177e-136,0.2857142857142857,0.0005979073243647235,0.285116378389921,2
small_cluster,27,cluster_27,Syt1,24.687304,7.639144,1.4640799290030313e-134,8.004124971859572e-131,0.42857142857142855,0.0016442451420029896,0.42692718342942554,3
small_cluster,27,cluster_27,Chga,22.215675,6.9034433,2.423090056914343e-109,9.935275005863036e-106,1.0,0.012855007473841554,0.9871449925261584,4
small_cluster,27,cluster_27,Rtn4rl1,21.80272,8.584461,2.1863459239865336e-105,4.4822824374128924e-102,0.2857142857142857,0.0008968609865470852,0.28481742472773863,5
small_cluster,27,cluster_27,Rundc3a,20.951103,7.077045,1.833316199704945e-97,3.3409132212623116e-94,0.8571428571428571,0.010612855007473842,0.8465300021353832,6
small_cluster,27,cluster_27,Cnpy1,20.633099,7.769505,1.3848400802851883e-94,2.2712762156757376e-91,0.42857142857142855,0.0025411061285500747,0.4260303224428785,7
small_cluster,27,cluster_27,Ngf,20.3361,7.456508,6.16427899639217e-92,9.190939983620726e-89,0.8571428571428571,0.011360239162929745,0.8457826179799274,8
small_cluster,27,cluster_27,Pkib,20.05256,6.6567726,1.917160988339034e-89,2.6202797808123747e-86,1.0,0.015994020926756353,0.9840059790732436,9
small_cluster,27,cluster_27,Nefh,19.271803,8.083242,9.265214642490326e-83,1.1689137334729526e-79,0.42857142857142855,0.0029895366218236174,0.42558189194960494,10
small_cluster,27,cluster_27,B3gat2,18.799414,7.279136,7.635595385152819e-79,8.945099993706527e-76,0.42857142857142855,0.003139013452914798,0.42543241511851376,11
small_cluster,27,cluster_27,St8sia5,18.791855,6.8834553,8.804812129698776e-79,9.627181582612641e-76,0.42857142857142855,0.003139013452914798,0.42543241511851376,12
small_cluster,27,cluster_27,Uchl1,18.562944,6.7817087,6.4094666478929436e-77,6.570103905755761e-74,0.7142857142857143,0.009417040358744395,0.70486867392697,13
small_cluster,27,cluster_27,Kif1a,18.396893,6.843293,1.3911685566934648e-75,1.342150323431148e-72,0.42857142857142855,0.003288490284005979,0.4252829382874226,14
small_cluster,27,cluster_27,Scg5,18.26045,6.997098,1.7087550303939396e-74,1.5569606251939448e-71,0.8571428571428571,0.014200298953662182,0.842942558189195,15
small_cluster,27,cluster_27,Tmem163,18.105204,7.327682,2.899410376988799e-73,2.502801557525963e-70,0.5714285714285714,0.006278026905829596,0.5651505445227418,16
small_cluster,27,cluster_27,Tmem171,18.098366,6.9316707,3.2825863959390964e-73,2.691884973989856e-70,0.5714285714285714,0.006278026905829596,0.5651505445227418,17
small_cluster,27,cluster_27,Ina,17.748423,7.4160237,1.772637471396913e-70,1.0383223988707418e-67,0.2857142857142857,0.0014947683109118087,0.28421951740337387,18
small_cluster,27,cluster_27,Slc35d3,17.368477,7.167722,1.4297238067050585e-67,8.085827639230918e-65,0.5714285714285714,0.0068759342301943195,0.5645526371983771,19
small_cluster,27,cluster_27,Neto1,17.070084,7.7269597,2.4784740759158247e-65,1.3549817773031813e-62,0.2857142857142857,0.0016442451420029896,0.2840700405722827,20
small_cluster,28,cluster_28,Shisa8,57.86496,11.682601,0.0,0.0,1.0,0.0010463378176382662,0.9989536621823617,1
small_cluster,28,cluster_28,Foxn4,50.487133,11.883612,0.0,0.0,0.5714285714285714,0.00029895366218236175,0.571129617766389,2
small_cluster,28,cluster_28,Mcidas,46.60691,11.0793295,0.0,0.0,0.7142857142857143,0.0008968609865470852,0.7133888532991672,3
small_cluster,28,cluster_28,Fbxo43,30.856041,8.919446,4.648223657859999e-209,1.2705919368760308e-205,0.42857142857142855,0.0008968609865470852,0.4276745675848815,4
small_cluster,28,cluster_28,E2f7,30.829002,8.384268,1.071095371511693e-208,2.5095764554518967e-205,0.5714285714285714,0.0017937219730941704,0.5696348494554773,5
small_cluster,28,cluster_28,Ccdc150,29.274797,8.767971,2.1715479819838567e-188,4.4519448065646544e-185,0.42857142857142855,0.0010463378176382662,0.4275250907537903,6
small_cluster,28,cluster_28,Pbx4,26.00146,7.6134973,4.767453942654587e-149,8.687890234830876e-146,0.7142857142857143,0.004484304932735426,0.7098014093529789,7
small_cluster,28,cluster_28,Ccdc67,25.281044,9.665156,5.1629452803494175e-141,8.46774655430108e-138,1.0,0.010014947683109118,0.9899850523168909,8
small_cluster,28,cluster_28,1700086L19Rik,23.740114,8.336209,1.3900429433934143e-124,2.0725540285995807e-121,0.5714285714285714,0.0034379671150971598,0.5679906043134743,9
small_cluster,28,cluster_28,Lhfpl2,23.315083,8.545209,3.1171877713792624e-120,4.260416386532607e-117,0.2857142857142857,0.0007473841554559044,0.2849669015588298,10
small_cluster,28,cluster_28,Cep128,23.26038,8.114247,1.1169378216598616e-119,1.409145939464876e-116,0.7142857142857143,0.005829596412556054,0.7084561178731582,11
small_cluster,28,cluster_28,Crocc2,23.25479,8.0759325,1.272350392966136e-119,1.4905584853598283e-116,0.7142857142857143,0.005829596412556054,0.7084561178731582,12
small_cluster,28,cluster_28,Ube2u,21.80272,8.470189,2.1863459239865336e-105,1.792912974965157e-102,0.2857142857142857,0.0008968609865470852,0.28481742472773863,13
small_cluster,28,cluster_28,Cep76,20.86193,6.9030175,1.1877735201933187e-96,9.27651119270982e-94,0.7142857142857143,0.007324364723467863,0.7069613495622464,14
small_cluster,28,cluster_28,Plvap,20.558878,8.842228,6.409872112567789e-94,4.778559659919287e-91,0.2857142857142857,0.0010463378176382662,0.28466794789664746,15
small_cluster,28,cluster_28,Hrasls5,19.49216,8.148368,1.2796353947363328e-84,9.124913090900258e-82,0.2857142857142857,0.001195814648729447,0.2845184710655563,16
small_cluster,28,cluster_28,Pld6,19.462915,7.5290065,2.2652841502506443e-84,1.548038556177534e-81,0.2857142857142857,0.001195814648729447,0.2845184710655563,17
small_cluster,28,cluster_28,Chaf1a,18.881575,6.852799,1.616904288087936e-79,1.0607538891572094e-76,0.7142857142857143,0.009118086696562033,0.7051676275891523,18
small_cluster,28,cluster_28,Dtl,18.810753,7.287007,6.165676392958012e-79,3.88935609695786e-76,0.42857142857142855,0.003139013452914798,0.42543241511851376,19
small_cluster,28,cluster_28,Agmat,18.554365,7.629608,7.519170261693396e-77,4.567478202297533e-74,0.2857142857142857,0.0013452914798206279,0.28436899423446504,20
small_cluster,26,cluster_26,Bcl2a1b,16.585884,6.620273,8.81576401972872e-62,7.229367284378537e-58,0.25,0.0014949917775452235,0.24850500822245478,1
small_cluster,26,cluster_26,Fbxw27,10.987969,6.5405526,4.366368577640385e-28,7.161281104187995e-25,0.25,0.003737479443863059,0.24626252055613695,2
small_cluster,26,cluster_26,Gm26569,9.721061,5.121364,2.4521463775218323e-22,2.3657442786903276e-19,0.25,0.004783973688144715,0.2452160263118553,3
small_cluster,26,cluster_26,Laptm5,9.564317,4.6697774,1.1294502735846175e-21,1.0092168847608753e-18,0.25,0.004933472865899237,0.24506652713410076,4
small_cluster,26,cluster_26,Cdca5,9.461588,5.746597,3.0330050380312327e-21,2.3687769347023927e-18,0.25,0.00508297204365376,0.24491702795634623,5
small_cluster,26,cluster_26,Kif17,9.035517,4.72848,1.6322908613041245e-19,1.0708480966499579e-16,0.25,0.005531469576917327,0.24446853042308267,6
small_cluster,26,cluster_26,9430020K01Rik,8.4309025,5.4853234,3.430100374382851e-17,2.009181294294755e-14,0.25,0.006428464643444461,0.24357153535655554,7
small_cluster,26,cluster_26,Cckar,8.287385,4.525719,1.1576579338796787e-16,6.547154404676072e-14,0.5,0.026461354462550456,0.47353864553744957,8
small_cluster,26,cluster_26,Pde4c,6.903686,4.3357625,5.067023764161371e-12,2.3084515765558514e-09,0.25,0.009418448198534908,0.2405815518014651,9
small_cluster,26,cluster_26,Birc5,6.3403544,3.2201984,2.2923703405071838e-10,8.354925767701849e-08,0.375,0.023770369262969052,0.35122963073703095,10
small_cluster,26,cluster_26,Krt78,6.292116,3.8161142,3.1316697720384105e-10,1.0071081555137641e-07,0.375,0.024517865151741664,0.35048213484825835,11
small_cluster,26,cluster_26,9430060I03Rik,6.2594905,3.5651946,3.8623784715009115e-10,1.218209025213201e-07,0.25,0.011212438331589176,0.23878756166841084,12
small_cluster,26,cluster_26,Eno3,6.1663904,3.3680007,6.986652092431626e-10,2.122001499406872e-07,0.375,0.025115861862759756,0.34988413813724023,13
small_cluster,26,cluster_26,Serpinf1,5.942494,4.1643867,2.8071830022976513e-09,7.308033082648219e-07,0.5,0.0508297204365376,0.4491702795634624,14
small_cluster,26,cluster_26,Stc2,5.825407,3.9534028,5.697361360821596e-09,1.4600378699817968e-06,0.375,0.028853341306622815,0.3461466586933772,15
small_cluster,26,cluster_26,Dlgap5,5.6451583,3.5479324,1.650293733511863e-08,3.812178524412403e-06,0.25,0.013604425175661534,0.23639557482433846,16
small_cluster,26,cluster_26,Nup205,5.6204104,3.5863917,1.905041881283897e-08,4.339526652074611e-06,0.25,0.013753924353416056,0.23624607564658395,17
small_cluster,26,cluster_26,P2rx7,5.5710955,3.5746584,2.531422259425653e-08,5.462875852215808e-06,0.375,0.030647331439677083,0.3443526685603229,18
small_cluster,26,cluster_26,Sftpa1,5.5667424,3.634365,2.5954567757964234e-08,5.528322932446382e-06,1.0,0.22021228883241142,0.7797877111675886,19
small_cluster,26,cluster_26,Akt3,5.5420175,3.8562086,2.9900683512458135e-08,6.287193721638793e-06,0.25,0.014202421886679624,0.2357975781133204,20
small_cluster,24,cluster_24,Gm14317,12.037616,5.4136887,2.2537448539896793e-33,3.360333577298612e-30,0.3,0.005533123971885748,0.2944668760281142,1
small_cluster,24,cluster_24,1700016K19Rik,7.599672,3.8631945,2.968821067338813e-14,1.217290858135597e-11,0.7,0.06923882159413788,0.6307611784058621,2
small_cluster,24,cluster_24,1700007K13Rik,7.4005036,4.154153,1.356691624423529e-13,5.297880793373881e-11,0.8,0.09750261701809482,0.7024973829819052,3
small_cluster,24,cluster_24,Gm15402,7.3148932,3.6206589,2.5758579750751777e-13,8.988648223235742e-11,0.4,0.025422461492448034,0.374577538507552,4
small_cluster,24,cluster_24,Ttc21a,7.225397,3.9685216,4.996398111170993e-13,1.7072067796107386e-10,0.3,0.015103933004336772,0.2848960669956632,5
small_cluster,24,cluster_24,Smkr-ps,7.1564684,4.1224546,8.278194843715538e-13,2.770830074117929e-10,0.3,0.015403020786600868,0.2845969792133991,6
small_cluster,24,cluster_24,Sntn,6.793658,2.4954374,1.0932554986369768e-11,3.2600878969354644e-09,0.6,0.05951846867055481,0.5404815313294452,7
small_cluster,24,cluster_24,3300002A11Rik,6.790575,2.8876543,1.1168741303985247e-11,3.271045109404679e-09,0.6,0.06086436369074323,0.5391356363092568,8
small_cluster,24,cluster_24,Fam183b,6.7844186,2.6982362,1.1655488972807795e-11,3.353713590228432e-09,0.7,0.08090324510243757,0.6190967548975623,9
small_cluster,24,cluster_24,March8,6.685431,3.267071,2.3024590582132587e-11,5.99406841488185e-09,0.6,0.06520113653357261,0.5347988634664274,10
small_cluster,24,cluster_24,1110017D15Rik,6.682454,3.5043044,2.3497330653568388e-11,6.021558125768362e-09,0.7,0.08658591296545536,0.6134140870345446,11
small_cluster,24,cluster_24,Tmem8,6.6457987,3.6289527,3.015767433688529e-11,7.60947718152701e-09,0.4,0.030656497682069687,0.36934350231793034,12
small_cluster,24,cluster_24,BC051019,6.626173,3.7259288,3.445009023541245e-11,8.560847423499993e-09,0.6,0.06789292657394945,0.5321070734260506,13
small_cluster,24,cluster_24,Cfap126,6.5965095,2.9165196,4.2095082288827843e-11,1.0304499173418888e-08,0.8,0.11215791834903545,0.6878420816509646,14
small_cluster,24,cluster_24,Cfap45,6.5885615,2.9822063,4.441085444051295e-11,1.0711506230571365e-08,0.6,0.06460296096904442,0.5353970390309556,15
small_cluster,24,cluster_24,Tm4sf1,6.563588,3.1101816,5.252809018231293e-11,1.2485698653334991e-08,0.6,0.0655002243158367,0.5344997756841633,16
small_cluster,24,cluster_24,1700101E01Rik,6.553878,2.7235305,5.60618118969531e-11,1.2950278548196166e-08,0.5,0.04561088679527441,0.4543891132047256,17
small_cluster,24,cluster_24,Tctex1d4,6.5132413,3.148178,7.354622779994157e-11,1.6523721673244408e-08,0.6,0.06639748766262898,0.533602512337371,18
small_cluster,24,cluster_24,Gm29538,6.383939,3.241538,1.7259032674909015e-10,3.8252080392051724e-08,0.5,0.049349484073575596,0.4506505159264244,19
small_cluster,24,cluster_24,Fam92b,6.348722,3.0029397,2.1711077025698432e-10,4.747778323979733e-08,0.5,0.048601764617915356,0.4513982353820846,20
small_cluster,25,cluster_25,Foxi1,54.87346,13.378246,0.0,0.0,0.6,0.0002990877822640945,0.5997009122177359,1
small_cluster,25,cluster_25,Ppp1r1a,51.730057,29.936304,0.0,0.0,0.4,0.0,0.4,2
small_cluster,25,cluster_25,Cftr,43.038746,11.216543,0.0,0.0,0.6,0.0010468072379243307,0.5989531927620756,3
small_cluster,25,cluster_25,Gm933,42.689655,12.863649,0.0,0.0,0.7,0.0016449828024525197,0.6983550171975474,4
small_cluster,25,cluster_25,Moxd1,42.665928,10.510075,0.0,0.0,0.7,0.0016449828024525197,0.6983550171975474,5
small_cluster,25,cluster_25,A830039N20Rik,36.57321,28.64927,7.627140976503907e-293,1.5636592394455073e-289,0.2,0.0,0.2,6
small_cluster,25,cluster_25,Rcan2,36.57321,28.579042,7.627140976503907e-293,1.5636592394455073e-289,0.2,0.0,0.2,7
small_cluster,25,cluster_25,Foxi2,36.57321,28.56068,7.627140976503907e-293,1.5636592394455073e-289,0.2,0.0,0.2,8
small_cluster,25,cluster_25,Coch,36.554035,11.352825,1.5384380881514457e-292,2.803547009307985e-289,0.4,0.000598175564528189,0.39940182443547184,9
small_cluster,25,cluster_25,Stap1,35.52295,11.076726,2.174410080924946e-276,3.566249973725004e-273,0.7,0.002841333931508898,0.6971586660684911,10
small_cluster,25,cluster_25,Atp6v0d2,34.45573,10.378872,3.695525168368583e-260,5.510028026037558e-257,0.4,0.0007477194556602363,0.3992522805443398,11
small_cluster,25,cluster_25,Syn2,29.290888,10.568754,1.3548802852687055e-188,1.8517826298910033e-185,0.3,0.000598175564528189,0.2994018244354718,12
small_cluster,25,cluster_25,Ascl3,29.028788,11.187047,2.851193534004834e-185,3.5971096270164064e-182,0.8,0.006430387318678032,0.793569612681322,13
small_cluster,25,cluster_25,Gng4,21.490496,8.334334,1.9106365522439913e-102,1.9585218808346063e-99,0.4,0.002841333931508898,0.39715866606849115,14
small_cluster,25,cluster_25,Plxna4,21.447449,8.615468,4.8239378202975914e-102,4.653964952394164e-99,0.3,0.0014954389113204726,0.2985045610886795,15
small_cluster,25,cluster_25,Npr1,17.716665,8.107611,3.118646233542267e-70,2.5574458438163363e-67,0.3,0.002392702258112756,0.2976072977418872,16
small_cluster,25,cluster_25,Nrip3,16.747316,7.342337,5.923969986187612e-63,4.6266205592125254e-60,0.5,0.008075370121130552,0.4919246298788694,17
small_cluster,25,cluster_25,Tm6sf1,15.111234,7.319633,1.3655800452731046e-51,1.0180399237510994e-48,0.3,0.0034395094960370867,0.2965604905039629,18
small_cluster,25,cluster_25,Pde1c,14.826137,7.6609936,9.928515930107692e-50,6.784899573737344e-47,0.3,0.003589053387169134,0.29641094661283085,19
small_cluster,25,cluster_25,Bmp2,14.05785,7.50841,6.894942925165405e-45,4.349383035216839e-42,0.3,0.004037685060565276,0.2959623149394347,20
small_cluster,23,cluster_23,Cdc25c,32.885937,7.5553164,3.492028087160375e-237,5.727275265751731e-233,0.5555555555555556,0.003593352298248241,0.5519622032573074,1
small_cluster,23,cluster_23,Ccnb1,31.445372,6.517286,4.855995267698043e-217,3.9821589192757806e-213,0.8888888888888888,0.011678394969306782,0.8772104939195821,2
small_cluster,23,cluster_23,Cenpf,31.037674,6.7614546,1.6733505786007353e-211,9.14820761321022e-208,0.7222222222222222,0.007635873633777512,0.7145863485884447,3
small_cluster,23,cluster_23,Cdkn3,30.355824,7.056623,2.104978598828239e-202,8.630938499845488e-199,0.7222222222222222,0.008085042671058541,0.7141371795511636,4
small_cluster,23,cluster_23,C330021F23Rik,29.065874,8.599397,9.696414636854282e-186,3.1806179291809416e-182,0.2222222222222222,0.0004491690372810301,0.22177305318494117,5
small_cluster,23,cluster_23,Birc5,27.040865,7.1993866,4.891491125274641e-161,1.3370890990938231e-157,1.0,0.021560113789489445,0.9784398862105106,6
small_cluster,23,cluster_23,Cenpe,26.97653,6.4630456,2.7868593181386147e-160,6.529611382398774e-157,0.5555555555555556,0.005988920497080401,0.5495666350584751,7
small_cluster,23,cluster_23,Cdca3,26.753826,7.031639,1.1144648877229004e-157,2.2847923279429113e-154,0.8888888888888888,0.017218146429106154,0.8716707424597827,8
small_cluster,23,cluster_23,Aurkb,26.398525,6.3327413,1.4246441689490152e-153,2.5961765572147555e-150,0.6111111111111112,0.007785596646204522,0.6033255144649067,9
small_cluster,23,cluster_23,Ccnb2,25.922817,6.731136,3.683848706673385e-148,6.041880263815019e-145,0.9444444444444444,0.020961221739781405,0.923483222704663,10
small_cluster,23,cluster_23,Knstrn,25.581806,6.0589814,2.43185286537885e-144,3.6258926222798653e-141,1.0,0.023955681988321605,0.9760443180116783,11
small_cluster,23,cluster_23,2810417H13Rik,25.206291,6.3602314,3.4175243667136674e-140,4.670901428205905e-137,0.6666666666666666,0.010480610869890702,0.6561860557967759,12
small_cluster,23,cluster_23,Spc24,25.186813,6.5389237,5.587122551642856e-140,7.04879976688419e-137,0.9444444444444444,0.022308728851624493,0.9221357155928199,13
small_cluster,23,cluster_23,Cenpa,25.128317,6.915785,2.4395130399209038e-139,2.8578895262673385e-136,0.8888888888888888,0.019763437640365325,0.8691254512485235,14
small_cluster,23,cluster_23,Cdca8,24.977886,6.44916,1.0633133854280412e-137,1.1626268556270203e-134,0.8888888888888888,0.019913160652792333,0.8689757282360965,15
small_cluster,23,cluster_23,Racgap1,24.749529,5.626715,3.136703199745819e-135,3.215316823689449e-132,0.8333333333333334,0.017367869441533165,0.8159654638918002,16
small_cluster,23,cluster_23,Fam64a,24.303312,5.9164767,1.8084530587442318e-130,1.74473168332142e-127,0.5555555555555556,0.007635873633777512,0.5479196819217781,17
small_cluster,23,cluster_23,Bub1b,23.854197,6.767329,9.160078698912212e-126,8.346358374492178e-123,0.4444444444444444,0.004940859410091331,0.4395035850343531,18
small_cluster,23,cluster_23,Cenpm,23.18514,6.483015,6.430767391897173e-119,5.551106104973976e-116,0.7777777777777778,0.017817038478814193,0.7599607392989636,19
small_cluster,23,cluster_23,Ndc80,22.201822,6.200237,3.2981052578631574e-109,2.7046112167106823e-106,0.4444444444444444,0.005839197484653391,0.43860524695979103,20
small_cluster,22,cluster_22,Fam92b,17.08399,4.389932,1.952930814349355e-65,1.0676672762047924e-61,0.9,0.04672757226299236,0.8532724277370076,1
small_cluster,22,cluster_22,Cdhr4,17.058386,5.066333,3.0280782575515797e-65,1.2415877875525865e-61,0.9,0.04807548300134791,0.8519245169986521,2
small_cluster,22,cluster_22,Ankrd66,16.081907,4.6946316,3.416941795249693e-58,1.1208252476778045e-54,0.6,0.023962857570765314,0.5760371424292346,3
small_cluster,22,cluster_22,2410004P03Rik,15.359986,4.273117,3.0363843196435676e-53,8.299956537745692e-50,0.85,0.05137037591732814,0.7986296240826718,4
small_cluster,22,cluster_22,Gm8579,15.052521,4.0935974,3.323282208717613e-51,7.786450215025367e-48,0.75,0.04163546502920473,0.7083645349707952,5
small_cluster,22,cluster_22,Arhgdig,14.892796,4.566424,3.6709474357977903e-50,7.525901111814945e-47,0.85,0.0561629474314812,0.7938370525685188,6
small_cluster,22,cluster_22,Dnah6,14.882468,4.2694235,4.2839664677159965e-50,7.806814893001118e-47,0.65,0.03264939344016774,0.6173506065598323,7
small_cluster,22,cluster_22,Dnah9,14.804224,4.4145317,1.3756614244452199e-49,2.2562223022326054e-46,0.6,0.028156357645649242,0.5718436423543507,8
small_cluster,22,cluster_22,Tctex1d4,14.522541,4.353949,8.721574545109909e-48,1.3003867646758875e-44,0.9,0.06469971544106634,0.8353002845589337,9
small_cluster,22,cluster_22,Sntn,14.493608,4.3365254,1.329698008993561e-47,1.8173647537919496e-44,0.85,0.0579601617492886,0.7920398382507113,10
small_cluster,22,cluster_22,Cdhr3,14.433851,4.122882,3.1687922245042957e-47,3.997797021084227e-44,0.75,0.045379661524636815,0.7046203384753632,11
small_cluster,22,cluster_22,Ccdc153,14.401767,4.960479,5.043737101658894e-47,5.519695444449994e-44,1.0,0.08222255503968848,0.9177774449603116,12
small_cluster,22,cluster_22,Gm973,14.401706,4.64239,5.048194114185105e-47,5.519695444449994e-44,0.6,0.030103339823273925,0.569896660176726,13
small_cluster,22,cluster_22,1700007G11Rik,14.270515,4.213957,3.3410052992281377e-46,3.424739244540043e-43,0.75,0.04657780440317508,0.703422195596825,14
small_cluster,22,cluster_22,Adgb,14.15392,4.26814,1.7662934875868968e-45,1.704057617053688e-42,0.45,0.01722330387898757,0.43277669612101244,15
small_cluster,22,cluster_22,1700001C02Rik,14.127971,4.1470776,2.5540004515523218e-45,2.3271200781060907e-42,0.8,0.05346712595477011,0.7465328740452299,16
small_cluster,22,cluster_22,Syne1,14.122978,4.7081704,2.7415680360755564e-45,2.3665503873513266e-42,0.45,0.017522839598622136,0.43247716040137785,17
small_cluster,22,cluster_22,Fam166b,14.066267,4.2548976,6.121696871268106e-45,5.0200975192834106e-42,0.7,0.042084768608656585,0.6579152313913433,18
small_cluster,22,cluster_22,1700016K19Rik,14.032085,4.183785,9.919098079454221e-45,7.746815600053747e-42,0.9,0.06769507263741201,0.832304927362588,19
small_cluster,22,cluster_22,Tmem212,14.0147,4.8519945,1.2673319008282065e-44,9.44795932067428e-42,1.0,0.08806350157256253,0.9119364984274375,20
small_cluster,21,cluster_21,Zp3,27.135622,7.4901967,3.742767234880603e-162,6.138512541927677e-158,0.4090909090909091,0.0035955056179775282,0.4054954034729316,1
small_cluster,21,cluster_21,Spata18,23.537533,6.0134144,1.6845301669457105e-122,6.906994817019149e-119,0.6363636363636364,0.01348314606741573,0.6228804902962206,2
small_cluster,21,cluster_21,1700024G13Rik,23.084711,6.1525908,6.594682123503911e-118,1.5451340215369663e-114,0.9090909090909091,0.030262172284644194,0.8788287368062648,3
small_cluster,21,cluster_21,1700013F07Rik,21.95479,6.071799,7.793915383553547e-107,1.5978500775707715e-103,0.8181818181818182,0.027116104868913856,0.7910657133129044,4
small_cluster,21,cluster_21,Dnajb13,21.556963,5.739584,4.555455029175385e-103,8.301557548167278e-100,0.8636363636363636,0.031310861423220974,0.8323255022131427,5
small_cluster,21,cluster_21,Gm13580,21.17286,6.3267355,1.6992648125854265e-99,2.5336038355648712e-96,0.45454545454545453,0.008389513108614232,0.4461559414368403,6
small_cluster,21,cluster_21,Stkld1,21.058676,6.7767496,1.9042520336693736e-98,2.6026364670176164e-95,0.36363636363636365,0.0052434456928838954,0.35839291794347977,7
small_cluster,21,cluster_21,Tekt3,20.983625,6.2188754,9.256057698912279e-98,1.1677584793835407e-94,0.36363636363636365,0.0052434456928838954,0.35839291794347977,8
small_cluster,21,cluster_21,Lrrc34,20.714592,5.7546787,2.5586340044612723e-95,2.9974397362263804e-92,0.8181818181818182,0.03056179775280899,0.7876200204290092,9
small_cluster,21,cluster_21,Lrrc46,20.681536,5.9967575,5.079748522687316e-95,5.5541970347063114e-92,0.8181818181818182,0.031011235955056178,0.7871705822267621,10
small_cluster,21,cluster_21,Zmynd12,19.87902,5.816882,6.182868387937898e-88,4.6093283832077027e-85,0.8181818181818182,0.03340823970037453,0.7847735784814437,11
small_cluster,21,cluster_21,1700001C02Rik,19.75326,6.383517,7.520301511427626e-87,5.362628916909761e-84,1.0,0.052584269662921346,0.9474157303370787,12
small_cluster,21,cluster_21,Zmynd10,19.570232,5.650588,2.77408738037562e-85,1.8199122850216215e-82,0.8636363636363636,0.03850187265917603,0.8251344909771876,13
small_cluster,21,cluster_21,1700018A04Rik,19.545668,6.5381308,4.490762881280985e-85,2.832807769841901e-82,0.2727272727272727,0.003295880149812734,0.26943139257745996,14
small_cluster,21,cluster_21,Rsph14,19.389563,6.036756,9.45370795822984e-84,5.742602378626948e-81,0.6363636363636364,0.020973782771535582,0.6153898535921007,15
small_cluster,21,cluster_21,Tekt4,19.33138,5.9897294,2.924884706085649e-83,1.713251216589669e-80,0.8636363636363636,0.0401498127340824,0.8234865509022813,16
small_cluster,21,cluster_21,6820408C15Rik,19.075027,5.424095,4.072053409718069e-81,2.226191599092868e-78,0.8636363636363636,0.04,0.8236363636363636,17
small_cluster,21,cluster_21,Fgd2,19.051746,5.5407352,6.354537704862938e-81,3.3619604160470017e-78,0.6363636363636364,0.021273408239700375,0.615090228123936,18
small_cluster,21,cluster_21,Calml4,19.018646,6.3777156,1.1952893909195084e-80,6.126231656397144e-78,0.9090909090909091,0.04704119850187266,0.8620497105890363,19
small_cluster,21,cluster_21,Catip,18.788227,5.174128,9.427679280624233e-79,4.6855566024702435e-76,0.7727272727272727,0.03250936329588015,0.7402179094313925,20
small_cluster,20,cluster_20,Lrrc10b,28.63231,6.5543404,2.662264317096242e-180,4.366379706469546e-176,0.9090909090909091,0.02851140456182473,0.8805795045290843,1
small_cluster,20,cluster_20,Efcab10,28.294191,7.117216,4.074147460122444e-176,3.34100462467341e-172,0.9090909090909091,0.02971188475390156,0.8793790243370075,2
small_cluster,20,cluster_20,Gm16006,23.43847,6.371143,1.7330370849043993e-121,9.47451374317235e-118,0.5151515151515151,0.013055222088835534,0.5020962930626796,3
small_cluster,20,cluster_20,3300002A11Rik,23.29742,7.068202,4.70830157627993e-120,1.9305213538141784e-116,1.0,0.05702280912364946,0.9429771908763506,4
small_cluster,20,cluster_20,Arhgdig,23.073553,6.595636,8.535907503407764e-118,2.7999483792678147e-114,0.9696969696969697,0.05402160864345738,0.9156753610535123,5
small_cluster,20,cluster_20,Agr3,22.8768,6.2108765,7.909576114263819e-116,2.1620826308340147e-112,0.5454545454545454,0.015606242496998799,0.5298483029575466,6
small_cluster,20,cluster_20,Hdc,22.802876,6.7961073,4.293542617438543e-115,1.0059770352658506e-111,0.9696969696969697,0.05582232893157263,0.913874640765397,7
small_cluster,20,cluster_20,Erich2,22.602077,5.98541,4.1345188847616324e-113,8.476280528621942e-110,0.9393939393939394,0.0508703481392557,0.8885235912546837,8
small_cluster,20,cluster_20,Tctex1d4,22.363548,6.8419933,8.913546496475203e-111,1.6243452898743315e-107,1.0,0.0625750300120048,0.9374249699879952,9
small_cluster,20,cluster_20,1700101E01Rik,22.23744,5.745852,1.492322760639077e-109,2.44755855972415e-106,0.8484848484848485,0.04231692677070829,0.8061679217141402,10
small_cluster,20,cluster_20,Ccdc113,21.976114,5.9148445,4.874315071810073e-107,7.267603772068819e-104,0.9090909090909091,0.05057022809123649,0.8585206809996726,11
small_cluster,20,cluster_20,Gm8579,21.964443,5.746409,6.302412694723464e-107,8.613822550513295e-104,0.8181818181818182,0.03991596638655462,0.7782658517952636,12
small_cluster,20,cluster_20,1700016K19Rik,21.873405,7.075197,4.654975286655454e-106,5.87278843664893e-103,1.0,0.06557623049219688,0.9344237695078031,13
small_cluster,20,cluster_20,1700026L06Rik,21.860138,6.239026,6.225561102879369e-106,7.29324483202318e-103,0.9393939393939394,0.05567226890756303,0.8837216704863764,14
small_cluster,20,cluster_20,Fam92b,21.665785,5.954219,4.314874869265633e-104,4.7178841820550435e-101,0.8484848484848485,0.04531812725090036,0.8031667212339482,15
small_cluster,20,cluster_20,Ccdc146,21.638412,5.7105064,7.814912072126844e-104,8.010773305934523e-101,0.7272727272727273,0.032563025210084036,0.6947097020626433,16
small_cluster,20,cluster_20,Iqcg,21.622011,5.39786,1.1150851907985288e-103,1.07579483613451e-100,0.7878787878787878,0.03811524609843937,0.7497635417803484,17
small_cluster,20,cluster_20,Ak8,21.609455,5.9579997,1.463669479576464e-103,1.3336468408074214e-100,0.7575757575757576,0.03601440576230492,0.7215613518134526,18
small_cluster,20,cluster_20,Tekt4,21.389887,5.608447,1.6596083261271986e-101,1.4325913766743257e-98,0.7878787878787878,0.0391656662665066,0.7487131216122812,19
small_cluster,20,cluster_20,Morn3,21.315248,5.607942,8.197063698718198e-101,6.722002086133859e-98,0.696969696969697,0.030612244897959183,0.6663574520717378,20
small_cluster,19,cluster_19,Scg2,63.317867,11.483277,0.0,0.0,0.723404255319149,0.0010526315789473684,0.7223516237402016,1
small_cluster,19,cluster_19,Chga,57.10831,11.327501,0.0,0.0,0.9787234042553191,0.007067669172932331,0.9716557350823868,2
small_cluster,19,cluster_19,Tcerg1l,57.002003,10.126648,0.0,0.0,0.6595744680851063,0.0016541353383458647,0.6579203327467604,3
small_cluster,19,cluster_19,Ddc,55.820084,10.102855,0.0,0.0,0.6382978723404256,0.0016541353383458647,0.6366437370020797,4
small_cluster,19,cluster_19,Chgb,55.8156,10.14388,0.0,0.0,0.6382978723404256,0.0016541353383458647,0.6366437370020797,5
small_cluster,19,cluster_19,Ngf,55.39422,9.959657,0.0,0.0,0.8936170212765957,0.006015037593984963,0.8876019836826108,6
small_cluster,19,cluster_19,Scg5,54.802715,10.262329,0.0,0.0,0.9787234042553191,0.008270676691729323,0.9704527275635898,7
small_cluster,19,cluster_19,Ly6h,54.466404,10.220707,0.0,0.0,0.6595744680851063,0.002255639097744361,0.6573188289873619,8
small_cluster,19,cluster_19,Tmem163,54.42433,9.595219,0.0,0.0,0.6595744680851063,0.002255639097744361,0.6573188289873619,9
small_cluster,19,cluster_19,Snap25,54.084476,9.918982,0.0,0.0,0.5957446808510638,0.0015037593984962407,0.5942409214525676,10
small_cluster,19,cluster_19,Pgf,52.32792,10.369733,0.0,0.0,0.5531914893617021,0.0013533834586466164,0.5518381059030555,11
small_cluster,19,cluster_19,Pkib,50.510445,9.906479,0.0,0.0,0.9574468085106383,0.01037593984962406,0.9470708686610143,12
small_cluster,19,cluster_19,Spock3,50.415398,11.078352,0.0,0.0,0.46808510638297873,0.0007518796992481203,0.4673332266837306,13
small_cluster,19,cluster_19,Stmn3,50.21515,9.830747,0.0,0.0,0.5531914893617021,0.0018045112781954887,0.5513869780835067,14
small_cluster,19,cluster_19,Uchl1,49.139126,9.200033,0.0,0.0,0.723404255319149,0.005112781954887218,0.7182914733642618,15
small_cluster,19,cluster_19,Scn9a,49.019676,10.0860195,0.0,0.0,0.44680851063829785,0.0007518796992481203,0.44605663093904974,16
small_cluster,19,cluster_19,Elavl4,48.611885,9.698905,0.0,0.0,0.46808510638297873,0.0010526315789473684,0.4670324748040314,17
small_cluster,19,cluster_19,Pcsk1,47.796757,9.851652,0.0,0.0,0.46808510638297873,0.0012030075187969924,0.46688209886418175,18
small_cluster,19,cluster_19,Cxcl13,47.341537,11.077526,0.0,0.0,0.8297872340425532,0.008721804511278195,0.8210654295312749,19
small_cluster,19,cluster_19,Snca,46.86277,9.442184,0.0,0.0,0.574468085106383,0.0030075187969924814,0.5714605663093906,20
small_cluster,18,cluster_18,Lman1l,44.724472,9.288329,0.0,0.0,0.47692307692307695,0.0027141133896260556,0.4742089635334509,1
small_cluster,18,cluster_18,Cgref1,39.37249,8.099563,0.0,0.0,0.49230769230769234,0.0052774427020506635,0.4870302496056417,2
small_cluster,18,cluster_18,Fgl2,38.656395,7.55121,0.0,0.0,0.4461538461538462,0.004221954161640531,0.44193189199220567,3
small_cluster,18,cluster_18,Lmcd1,33.1051,6.6864657,2.5098279988050415e-240,8.232737801680298e-237,0.47692307692307695,0.00859469240048251,0.46832838452259445,4
small_cluster,18,cluster_18,Fkbp11,29.929905,5.8602657,8.035641464644357e-197,2.196542594360535e-193,0.5692307692307692,0.01718938480096502,0.5520413844298042,5
small_cluster,18,cluster_18,Dmbt1,29.788017,7.572443,5.5848856352543065e-195,1.3085387043400839e-191,0.8615384615384616,0.04674306393244873,0.8147953976060128,6
small_cluster,18,cluster_18,Wfdc18,28.910194,7.755184,8.889042084114255e-184,1.8223647402694739e-180,0.49230769230769234,0.013570566948130277,0.47873712535956203,7
small_cluster,18,cluster_18,Tff1,27.174982,7.806202,1.2834263232710233e-162,1.9135886479970957e-159,0.2923076923076923,0.004523522316043426,0.2877841699916489,8
small_cluster,18,cluster_18,Gp2,26.77956,8.273734,5.591287291554931e-158,7.641891905732703e-155,0.7692307692307693,0.047044632086851626,0.7221861371439177,9
small_cluster,18,cluster_18,Cldn2,26.220053,6.5538907,1.5698699312724308e-151,1.9805720571383952e-148,0.26153846153846155,0.0037696019300361883,0.2577688596084254,10
small_cluster,18,cluster_18,Azgp1,24.850143,5.1576967,2.5766139082941342e-136,3.018503193566578e-133,0.4307692307692308,0.014324487334137515,0.4164447434350933,11
small_cluster,18,cluster_18,Kcnn4,24.35526,5.18181,5.099171513840423e-131,5.575434133233119e-128,0.6615384615384615,0.039806996381182146,0.6217314651572794,12
small_cluster,18,cluster_18,Pycr1,23.313646,5.3793697,3.22357672539027e-120,3.1099930513603415e-117,0.3076923076923077,0.007840772014475271,0.29985153567783246,13
small_cluster,18,cluster_18,Sox9,21.6904,4.3239975,2.5278536711149763e-104,1.9742537171407966e-101,0.4307692307692308,0.019300361881785282,0.4114688688874455,14
small_cluster,18,cluster_18,Creb3l4,19.392267,3.9405484,8.969359763578603e-84,5.448387758609358e-81,0.6461538461538462,0.05744873341375151,0.5887051127400946,15
small_cluster,18,cluster_18,Serpinb11,18.16266,4.4622283,1.019617066899696e-73,5.972406969364969e-71,0.7230769230769231,0.0885102533172497,0.6345666697596734,16
small_cluster,18,cluster_18,Cited4,18.091003,4.3318377,3.7519933874222023e-73,2.1219463292107426e-70,0.5384615384615384,0.04659227985524728,0.49186925860629116,17
small_cluster,18,cluster_18,Tpd52l1,17.796362,3.8254716,7.54108042102241e-71,3.7479169692481375e-68,0.5692307692307692,0.052322074788902294,0.5169086944418669,18
small_cluster,18,cluster_18,Selm,16.612806,3.052702,5.6296285818853805e-62,2.367475342859029e-59,0.5384615384615384,0.0517189384800965,0.4867425999814419,19
small_cluster,18,cluster_18,Ccl28,16.279753,4.299735,1.3742460680413877e-59,5.497319454133366e-57,0.26153846153846155,0.01281664656212304,0.24872181497633852,20
small_cluster,17,cluster_17,Ly6g6f,71.23361,10.861874,0.0,0.0,0.9387755102040817,0.0033338384603727837,0.9354416717437088,1
small_cluster,17,cluster_17,Trpm5,71.1447,11.342396,0.0,0.0,0.9489795918367347,0.003636914684043037,0.9453426771526917,2
small_cluster,17,cluster_17,Rgs13,70.807014,10.889042,0.0,0.0,0.8877551020408163,0.0024246097893620244,0.8853304922514543,3
small_cluster,17,cluster_17,Gnat3,70.221405,11.443327,0.0,0.0,0.8673469387755102,0.002273071677526898,0.8650738670979833,4
small_cluster,17,cluster_17,Sh2d6,65.30149,10.185132,0.0,0.0,0.8571428571428571,0.004394605243218669,0.8527482518996384,5
small_cluster,17,cluster_17,Hck,64.600136,10.317336,0.0,0.0,0.8367346938775511,0.004243067131383543,0.8324916267461675,6
small_cluster,17,cluster_17,Avil,61.385,9.68869,0.0,0.0,0.8979591836734694,0.008031519927261706,0.8899276637462077,7
small_cluster,17,cluster_17,Pik3r5,61.1745,10.29491,0.0,0.0,0.6938775510204082,0.0024246097893620244,0.6914529412310462,8
small_cluster,17,cluster_17,Matk,61.105507,9.727868,0.0,0.0,0.8061224489795918,0.005303833914229429,0.8008186150653624,9
small_cluster,17,cluster_17,Ovol3,60.729286,10.48573,0.0,0.0,0.7244897959183674,0.0033338384603727837,0.7211559574579945,10
small_cluster,17,cluster_17,1810046K07Rik,60.664394,9.930441,0.0,0.0,0.7040816326530612,0.0028792241248674043,0.7012024085281938,11
small_cluster,17,cluster_17,Sh2d7,60.619236,9.9791355,0.0,0.0,0.6836734693877551,0.0024246097893620244,0.6812488595983931,12
small_cluster,17,cluster_17,Fyb,60.118134,10.097152,0.0,0.0,0.6938775510204082,0.0028792241248674043,0.6909983268955407,13
small_cluster,17,cluster_17,Ltc4s,59.470367,11.168867,0.0,0.0,1.0,0.013638430065161388,0.9863615699348386,14
small_cluster,17,cluster_17,Nrgn,58.816402,10.410524,0.0,0.0,0.6224489795918368,0.0018184573420215184,0.6206305222498152,15
small_cluster,17,cluster_17,Vav1,57.857227,10.316753,0.0,0.0,0.6122448979591837,0.001969995453856645,0.610274902505327,16
small_cluster,17,cluster_17,Hmx2,57.795975,10.607257,0.0,0.0,0.5816326530612245,0.0013638430065161388,0.5802688100547083,17
small_cluster,17,cluster_17,Hepacam2,55.78577,8.432437,0.0,0.0,0.8775510204081632,0.011516896499469617,0.8660341239086936,18
small_cluster,17,cluster_17,Gng13,55.770145,11.140325,0.0,0.0,0.9693877551020408,0.01606303985452341,0.9533247152475174,19
small_cluster,17,cluster_17,Nkd1,55.50943,9.891638,0.0,0.0,0.5918367346938775,0.0024246097893620244,0.5894121249045156,20
small_cluster,16,cluster_16,Cdca3,47.346416,7.5543904,0.0,0.0,0.5952380952380952,0.008522294932278192,0.586715800305817,1
small_cluster,16,cluster_16,Birc5,45.475964,7.6995606,0.0,0.0,0.6349206349206349,0.012479074722264496,0.6224415601983704,2
small_cluster,16,cluster_16,Nusap1,45.33548,8.22741,0.0,0.0,0.42857142857142855,0.0030436767615279257,0.4255277518099006,3
small_cluster,16,cluster_16,Ckap2,44.556747,7.4069567,0.0,0.0,0.4603174603174603,0.004565515142291888,0.4557519451751684,4
small_cluster,16,cluster_16,Pbk,44.126663,7.720067,0.0,0.0,0.42063492063492064,0.003348044437680718,0.4172868761972399,5
small_cluster,16,cluster_16,Ccnb1,43.91965,8.031398,0.0,0.0,0.46825396825396826,0.00532643433267387,0.4629275339212944,6
small_cluster,16,cluster_16,Ccna2,43.545822,7.762877,0.0,0.0,0.4365079365079365,0.004261147466139096,0.4322467890417974,7
small_cluster,16,cluster_16,Ube2c,43.48302,8.039193,0.0,0.0,0.5793650793650794,0.011261604017653325,0.5681034753474261,8
small_cluster,16,cluster_16,Racgap1,42.82372,7.1547694,0.0,0.0,0.5396825396825397,0.009587581798812967,0.5300949578837267,9
small_cluster,16,cluster_16,Fam64a,42.523567,8.373364,0.0,0.0,0.36507936507936506,0.002282757571145944,0.3627966075082191,10
small_cluster,16,cluster_16,2810417H13Rik,42.179024,7.6629467,0.0,0.0,0.42063492063492064,0.004413331304215493,0.41622158933070513,11
small_cluster,16,cluster_16,Tk1,41.710796,6.669917,0.0,0.0,0.5714285714285714,0.012479074722264496,0.5589494967063069,12
small_cluster,16,cluster_16,Tpx2,41.342476,7.6966443,0.0,0.0,0.38095238095238093,0.003348044437680718,0.3776043365147002,13
small_cluster,16,cluster_16,Cdc20,41.10446,7.311719,0.0,0.0,0.6587301587301587,0.019783898949931517,0.6389462597802272,14
small_cluster,16,cluster_16,Cdca8,40.681324,6.8804398,0.0,0.0,0.5476190476190477,0.012174707046111703,0.535444340572936,15
small_cluster,16,cluster_16,Cdk1,40.599125,6.9259267,0.0,0.0,0.6031746031746031,0.016131486836098007,0.5870431163385051,16
small_cluster,16,cluster_16,Cdkn3,40.48139,7.6265717,0.0,0.0,0.36507936507936506,0.003195860599604322,0.36188350447976075,17
small_cluster,16,cluster_16,Cenpa,40.245598,7.1366377,0.0,0.0,0.5396825396825397,0.012174707046111703,0.527507832636428,18
small_cluster,16,cluster_16,Ccnb2,40.17954,6.894889,0.0,0.0,0.5555555555555556,0.013239993912646478,0.5423155616429091,19
small_cluster,16,cluster_16,Cenpf,39.609478,7.684439,0.0,0.0,0.3492063492063492,0.0030436767615279257,0.34616267244482124,20
small_cluster,15,cluster_15,Bpifb1,25.869438,5.8162117,1.4707067028074116e-147,2.412106063274436e-143,0.9887005649717514,0.2831288343558282,0.7055717306159233,1
small_cluster,15,cluster_15,Hp,22.963158,3.803085,1.0887341409052737e-116,8.928164322493696e-113,0.8813559322033898,0.2179447852760736,0.6634111469273162,2
small_cluster,15,cluster_15,Sftpa1,22.338419,3.9273808,1.564836753985339e-110,8.554962534037849e-107,0.8531073446327684,0.20398773006134968,0.6491196145714186,3
small_cluster,15,cluster_15,Muc5b,22.104738,3.0487728,2.8458589757019033e-108,1.1668733265121729e-104,0.9830508474576272,0.25337423312883434,0.7296766143287928,4
small_cluster,15,cluster_15,AU021092,21.612133,2.8628967,1.3812062917616004e-103,4.530632878236402e-100,0.9491525423728814,0.24723926380368097,0.7019132785692004,5
small_cluster,15,cluster_15,C3,21.21914,2.6910222,6.357866190226235e-100,1.7379227230983413e-96,0.7740112994350282,0.15322085889570553,0.6207904405393228,6
small_cluster,15,cluster_15,Slc12a2,20.949009,2.6096644,1.9157630714401497e-97,4.4886328763842706e-94,0.5988700564971752,0.09125766871165644,0.5076123877855188,7
small_cluster,15,cluster_15,Sult1c2,20.891775,4.2489944,6.361026030953783e-97,1.3040898491709125e-93,0.21468926553672316,0.011196319018404908,0.20349294651831826,8
small_cluster,15,cluster_15,Cldn22,20.080826,2.5394652,1.0857562718915575e-89,1.187165907686229e-86,0.8135593220338984,0.18236196319018405,0.6311973588437143,9
small_cluster,15,cluster_15,Cp,20.04934,2.6278875,2.045442548162313e-89,2.096706452025631e-86,0.8192090395480226,0.19187116564417178,0.6273378739038509,10
small_cluster,15,cluster_15,Pon1,18.975925,2.736915,2.6971889521666238e-80,1.7954789395670247e-77,0.9830508474576272,0.37239263803680983,0.6106582094208173,11
small_cluster,15,cluster_15,Mgp,18.878233,2.4028544,1.7225450850550447e-79,1.0865946899995304e-76,0.5480225988700564,0.09018404907975461,0.4578385497903018,12
small_cluster,15,cluster_15,Pigr,18.82041,2.5752208,5.1385058609087536e-79,3.009879808027302e-76,0.9887005649717514,0.31717791411042945,0.6715226508613219,13
small_cluster,15,cluster_15,Tex33,18.711952,3.519264,3.9561818299854893e-78,2.2374254549514487e-75,0.23163841807909605,0.01717791411042945,0.2144605039686666,14
small_cluster,15,cluster_15,Gmnn,18.678688,2.2761412,7.381114811212723e-78,3.9050859360870925e-75,0.6892655367231638,0.14141104294478526,0.5478544937783786,15
small_cluster,15,cluster_15,Tff2,17.773191,3.065018,1.1401744721971005e-70,4.560975980123085e-68,0.7231638418079096,0.20291411042944785,0.5202497313784618,16
small_cluster,15,cluster_15,St8sia6,17.315508,3.0207007,3.593397911449099e-67,1.1787063829135335e-64,0.3220338983050847,0.03987730061349693,0.2821565976915878,17
small_cluster,15,cluster_15,Cd36,16.71909,2.079509,9.516093078800887e-63,2.6453125861934466e-60,0.847457627118644,0.24938650306748467,0.5980711240511594,18
small_cluster,15,cluster_15,Ldhb,16.444836,2.0466394,9.133233150257347e-61,2.2357336850353846e-58,0.8192090395480226,0.23634969325153374,0.5828593462964888,19
small_cluster,15,cluster_15,AW112010,16.252407,2.3540535,2.147617818339861e-59,4.8920944220266754e-57,0.5141242937853108,0.10475460122699387,0.4093696925583169,20
small_cluster,14,cluster_14,Pigr,21.8826,3.0251641,3.8051737470228584e-106,6.240865462492191e-102,0.9845360824742269,0.31554667076733817,0.6689894117068886,1
small_cluster,14,cluster_14,Sult1c1,21.748974,3.8609943,7.06436083389817e-105,5.793129101838194e-101,0.26804123711340205,0.0181454713209288,0.24989576579247325,2
small_cluster,14,cluster_14,Atp6v1b1,20.960276,2.6728568,1.51209976772853e-97,8.266649430171874e-94,0.6597938144329897,0.1224050438259265,0.5373887706070631,3
small_cluster,14,cluster_14,Msln,20.86231,3.4569316,1.1784152552804989e-96,4.831797150463865e-93,0.9948453608247423,0.5114562509610949,0.48338910986364736,4
small_cluster,14,cluster_14,Clca1,20.415619,3.1531816,1.2148473834093583e-92,3.9849423870593776e-89,0.3711340206185567,0.04151929878517607,0.32961472183338064,5
small_cluster,14,cluster_14,Muc5b,20.383224,2.9775507,2.3561302684866978e-92,6.440482088908388e-89,0.8711340206185567,0.2548054743964324,0.6163285462221243,6
small_cluster,14,cluster_14,Sftpa1,20.347012,3.1300957,4.934647962603388e-92,1.1561880176379737e-88,0.7989690721649485,0.20390588958942027,0.5950631825755283,7
small_cluster,14,cluster_14,Gfpt2,19.807514,3.326693,2.5643525213484816e-87,4.673105078070716e-84,0.3402061855670103,0.03736736890665847,0.30283881666035184,8
small_cluster,14,cluster_14,Plk3,19.67938,2.5540059,3.2393287398479405e-86,5.3128230662246076e-83,0.654639175257732,0.1302475780409042,0.5243915972168278,9
small_cluster,14,cluster_14,C2cd4b,19.55544,2.854572,3.7078218752384975e-85,5.0676655479822163e-82,0.9896907216494846,0.48131631554667076,0.5083744061028138,10
small_cluster,14,cluster_14,Fcgbp,19.375465,2.8146427,1.243304724478806e-83,1.5685723681674535e-80,0.5154639175257731,0.08872827925572813,0.426735638270045,11
small_cluster,14,cluster_14,Dusp5,18.717499,2.5837471,3.5649825469060066e-78,3.897951916787028e-75,0.8865979381443299,0.2744886975242196,0.6121092406201103,12
small_cluster,14,cluster_14,AU021092,18.460472,2.5355844,4.2956916777121937e-76,4.1443317180092753e-73,0.8195876288659794,0.24926956789174226,0.5703180609742371,13
small_cluster,14,cluster_14,Cyp4a12b,18.294008,2.3983119,9.236646500208573e-75,8.416124402773379e-72,0.8917525773195877,0.29109641703829003,0.6006561602812976,14
small_cluster,14,cluster_14,Klhl21,17.694744,2.2106042,4.6031993993911825e-70,3.973530176284989e-67,0.7989690721649485,0.21651545440565892,0.5824536177592896,15
small_cluster,14,cluster_14,Krt23,17.24122,2.258762,1.3025566496243848e-66,1.0172967433566445e-63,0.9845360824742269,0.5051514685529755,0.4793846139212513,16
small_cluster,14,cluster_14,Fam46c,17.15893,2.214448,5.38979564934778e-66,4.0180926565887705e-63,0.7164948453608248,0.1952944794710134,0.5212003658898113,17
small_cluster,14,cluster_14,Cenpu,17.140297,2.6563838,7.426995895565927e-66,5.296093899268555e-63,0.29896907216494845,0.03659849300322928,0.2623705791617192,18
small_cluster,14,cluster_14,Hist1h4i,17.0829,2.386476,1.9898365745121207e-65,1.3054123863429316e-62,0.35051546391752575,0.04920805781946794,0.30130740609805784,19
small_cluster,14,cluster_14,Adam30,16.90139,2.9163265,4.394198990186129e-64,2.6692317643719518e-61,0.23195876288659795,0.022912501922189757,0.2090462609644082,20
type,Basal,type_Basal,Dapl1,66.65812,5.1617684,0.0,0.0,0.9675251959686451,0.20192,0.7656051959686451,1
type,Basal,type_Basal,Aqp3,65.93943,4.763185,0.0,0.0,0.9946808510638298,0.52512,0.4695608510638297,2
type,Basal,type_Basal,Sfn,61.141537,3.5475953,0.0,0.0,0.9913213885778276,0.70624,0.2850813885778276,3
type,Basal,type_Basal,Krt5,60.44749,5.125666,0.0,0.0,0.8737402015677491,0.16512,0.7086202015677492,4
type,Basal,type_Basal,Igfbp7,59.41632,4.617069,0.0,0.0,0.8614221724524076,0.18816,0.6732621724524076,5
type,Basal,type_Basal,Perp,56.144157,2.5100398,0.0,0.0,0.973404255319149,0.74496,0.22844425531914903,6
type,Basal,type_Basal,Crlf1,55.28459,4.718519,0.0,0.0,0.7676371780515118,0.10272,0.6649171780515117,7
type,Basal,type_Basal,Bcam,51.363358,3.6504188,0.0,0.0,0.7799552071668533,0.22688,0.5530752071668533,8
type,Basal,type_Basal,Marcksl1,51.33506,3.1056695,0.0,0.0,0.8650615901455767,0.40128,0.4637815901455767,9
type,Basal,type_Basal,Sdc1,51.195324,2.4092927,0.0,0.0,0.9056550951847704,0.5984,0.30725509518477034,10
type,Basal,type_Basal,Csrp1,50.52438,2.579293,0.0,0.0,0.9258118701007839,0.60352,0.322291870100784,11
type,Basal,type_Basal,Glul,50.058952,2.7266905,0.0,0.0,0.8561030235162373,0.49216,0.36394302351623736,12
type,Basal,type_Basal,Ptn,49.89311,4.3601213,0.0,0.0,0.6867301231802911,0.09696,0.5897701231802911,13
type,Basal,type_Basal,Icam1,49.407993,3.6835597,0.0,0.0,0.7486002239641657,0.22592,0.5226802239641657,14
type,Basal,type_Basal,Krt17,48.90027,4.3834724,0.0,0.0,0.7592385218365062,0.23168,0.5275585218365062,15
type,Basal,type_Basal,Hspa1a,46.177784,2.9860759,0.0,0.0,0.908454647256439,0.45728,0.45117464725643897,16
type,Basal,type_Basal,mt-Nd4,44.90484,2.7990108,0.0,0.0,0.9470884658454647,0.45504,0.4920484658454647,17
type,Basal,type_Basal,Dcn,44.415756,3.3539374,0.0,0.0,0.727043673012318,0.32096,0.40608367301231796,18
type,Basal,type_Basal,Phlda3,44.068733,3.2663736,0.0,0.0,0.6704927211646137,0.18816,0.4823327211646137,19
type,Basal,type_Basal,S100a10,43.251877,2.1808248,0.0,0.0,0.904535274356103,0.60736,0.297175274356103,20
type,Ciliated,type_Ciliated,Cdhr4,71.22112,9.923964,0.0,0.0,0.8555240793201133,0.005832282471626734,0.8496917968484866,1
type,Ciliated,type_Ciliated,Ccdc113,70.56824,9.015026,0.0,0.0,0.8810198300283286,0.008827238335435058,0.8721925916928935,2
type,Ciliated,type_Ciliated,Tekt1,70.235916,8.992574,0.0,0.0,0.8555240793201133,0.007250945775535939,0.8482731335445773,3
type,Ciliated,type_Ciliated,Gm867,69.654594,9.122599,0.0,0.0,0.8470254957507082,0.007566204287515763,0.8394592914631924,4
type,Ciliated,type_Ciliated,1700016K19Rik,69.58541,9.11463,0.0,0.0,0.9745042492917847,0.01986128625472888,0.9546429630370559,5
type,Ciliated,type_Ciliated,Fam92b,69.43629,9.180959,0.0,0.0,0.8243626062322946,0.006147540983606557,0.818215065248688,6
type,Ciliated,type_Ciliated,Tctex1d4,68.65616,8.70895,0.0,0.0,0.943342776203966,0.018442622950819672,0.9249001532531463,7
type,Ciliated,type_Ciliated,1700026L06Rik,68.61971,8.650655,0.0,0.0,0.8951841359773371,0.01355611601513241,0.8816280199622047,8
type,Ciliated,type_Ciliated,2410004P03Rik,68.61918,8.607698,0.0,0.0,0.8498583569405099,0.009457755359394703,0.8404006015811152,9
type,Ciliated,type_Ciliated,3300002A11Rik,68.42782,8.849741,0.0,0.0,0.9036827195467422,0.014817150063051702,0.8888655694836904,10
type,Ciliated,type_Ciliated,1700001C02Rik,68.377266,8.686404,0.0,0.0,0.8611898016997167,0.010876418663303909,0.8503133830364128,11
type,Ciliated,type_Ciliated,Sntn,67.116684,8.420474,0.0,0.0,0.8781869688385269,0.014817150063051702,0.8633698187754751,12
type,Ciliated,type_Ciliated,Erich2,67.026985,8.458921,0.0,0.0,0.8413597733711048,0.011506935687263556,0.8298528376838412,13
type,Ciliated,type_Ciliated,Tm4sf1,66.63427,8.282422,0.0,0.0,0.9121813031161473,0.019230769230769232,0.892950533885378,14
type,Ciliated,type_Ciliated,Odf3b,66.561066,8.202442,0.0,0.0,0.8215297450424929,0.010403530895334174,0.8111262141471587,15
type,Ciliated,type_Ciliated,Ldlrad1,66.27883,9.078404,0.0,0.0,0.7450424929178471,0.0048865069356872634,0.7401559859821598,16
type,Ciliated,type_Ciliated,Gm8579,66.12906,9.157238,0.0,0.0,0.7422096317280453,0.0048865069356872634,0.7373231247923581,17
type,Ciliated,type_Ciliated,Dnali1,66.021774,8.242538,0.0,0.0,0.7960339943342776,0.00914249684741488,0.7868914974868627,18
type,Ciliated,type_Ciliated,Cdhr3,65.95154,8.652661,0.0,0.0,0.7705382436260623,0.007250945775535939,0.7632872978505263,19
type,Ciliated,type_Ciliated,Fam166b,65.59315,8.672377,0.0,0.0,0.7393767705382436,0.005359394703656999,0.7340173758345866,20
type,Club,type_Club,Cyp2a5,59.13001,4.269222,0.0,0.0,0.982200647249191,0.41562130177514794,0.5665793454740431,1
type,Club,type_Club,Ltf,59.002266,5.513016,0.0,0.0,0.9720873786407767,0.4608284023668639,0.5112589762739128,2
type,Club,type_Club,Pglyrp1,58.792946,3.154967,0.0,0.0,0.9975728155339806,0.7022485207100592,0.2953242948239214,3
type,Club,type_Club,Pigr,55.8627,4.1047993,0.0,0.0,0.7621359223300971,0.08497041420118343,0.6771655081289136,4
type,Club,type_Club,Lyz2,54.690205,4.7514033,0.0,0.0,0.9898867313915858,0.7474556213017751,0.24243111008981066,5
type,Club,type_Club,Nupr1,54.506104,3.6167214,0.0,0.0,0.9894822006472492,0.4097041420118343,0.5797780586354149,6
type,Club,type_Club,Sftpd,52.629917,3.252205,0.0,0.0,0.9037216828478964,0.3502958579881657,0.5534258248597308,7
type,Club,type_Club,Msln,50.9348,3.2386312,0.0,0.0,0.8984627831715211,0.3072189349112426,0.5912438482602784,8
type,Club,type_Club,Cxcl17,50.750027,3.099733,0.0,0.0,0.9381067961165048,0.3531360946745562,0.5849707014419486,9
type,Club,type_Club,Aldh1a1,49.588272,2.3545773,0.0,0.0,0.9951456310679612,0.6717159763313609,0.32342965473660024,10
type,Club,type_Club,Muc5b,48.69943,3.9678326,0.0,0.0,0.6189320388349514,0.07005917159763314,0.5488728672373182,11
type,Club,type_Club,Alox15,48.356277,5.406281,0.0,0.0,0.51415857605178,0.01893491124260355,0.4952236648091764,12
type,Club,type_Club,Wfdc1,47.777706,4.5478578,0.0,0.0,0.5364077669902912,0.031242603550295858,0.5051651634399954,13
type,Club,type_Club,Agr2,46.509384,2.6289966,0.0,0.0,0.9182847896440129,0.3711242603550296,0.5471605292889834,14
type,Club,type_Club,Slc16a11,46.163227,2.2174728,0.0,0.0,0.9733009708737864,0.5384615384615384,0.434839432412248,15
type,Club,type_Club,Mgst1,45.0883,2.0424578,0.0,0.0,0.973705501618123,0.7145562130177515,0.25914928860037145,16
type,Club,type_Club,AU021092,44.913296,3.4038348,0.0,0.0,0.5894012944983819,0.07644970414201184,0.5129515903563701,17
type,Club,type_Club,Ces1f,43.96749,4.3110495,0.0,0.0,0.4878640776699029,0.036923076923076927,0.45094100074682597,18
type,Club,type_Club,Ppp1r1b,43.54244,3.8122737,0.0,0.0,0.48826860841423947,0.0357396449704142,0.45252896344382526,19
type,Club,type_Club,Muc1,42.223965,2.2182326,0.0,0.0,0.8980582524271845,0.32449704142011837,0.5735612110070661,20
type,Goblet,type_Goblet,Lman1l,45.451263,9.451258,0.0,0.0,0.49206349206349204,0.0027132951462164605,0.48935019691727555,1
type,Goblet,type_Goblet,Cgref1,41.28533,8.2568865,0.0,0.0,0.5238095238095238,0.0051251130539644255,0.5186844107555594,2
type,Goblet,type_Goblet,Fgl2,37.9164,7.559235,0.0,0.0,0.4444444444444444,0.004371419957793186,0.44007302448665125,3
type,Goblet,type_Goblet,Fkbp11,30.4499,5.9512596,1.2015355891066735e-203,3.9412770393877106e-200,0.5873015873015873,0.01718420259270425,0.5701173847088831,4
type,Goblet,type_Goblet,Lmcd1,30.327244,6.557292,5.014895136997613e-202,1.3708215856982975e-198,0.4444444444444444,0.00904431715405487,0.43540012729038957,5
type,Goblet,type_Goblet,Tff1,29.11016,8.030995,2.6699613786111054e-186,6.255719510085819e-183,0.31746031746031744,0.004371419957793186,0.3130888975025243,6
type,Goblet,type_Goblet,Dmbt1,28.606047,7.4754276,5.650498227679903e-180,1.1584227679022262e-176,0.8412698412698413,0.04718118782031957,0.7940886534495217,7
type,Goblet,type_Goblet,Gp2,27.881075,8.519443,4.525999921048459e-171,8.247880522790642e-168,0.8095238095238095,0.04687971058185107,0.7626440989419585,8
type,Goblet,type_Goblet,Wfdc18,25.58336,7.2473283,2.3368655182718001e-144,3.193910947097983e-141,0.4444444444444444,0.014169430208019295,0.4302750142364251,9
type,Goblet,type_Goblet,Cldn2,25.039274,6.3971424,2.28485151705383e-138,2.882603825476913e-135,0.25396825396825395,0.003919204100090443,0.2500490498681635,10
type,Goblet,type_Goblet,Kcnn4,24.827427,5.2835155,4.53416737271793e-136,5.311777077139055e-133,0.6825396825396826,0.039794995477841426,0.6427446870618412,11
type,Goblet,type_Goblet,Pycr1,23.689705,5.3303156,4.603765916562773e-124,4.719147799846627e-121,0.31746031746031744,0.007838408200180886,0.30962190926013655,12
type,Goblet,type_Goblet,Azgp1,23.394966,5.080806,4.808752088237852e-121,4.639314294069941e-118,0.4126984126984127,0.014621646065722037,0.39807676663269065,13
type,Goblet,type_Goblet,Sox9,20.390606,4.1834016,2.0262326884375697e-92,1.3846767634610241e-89,0.4126984126984127,0.019596020500452217,0.39310239219796045,14
type,Goblet,type_Goblet,Creb3l4,19.787413,4.0291586,3.8216575879216035e-87,2.5071602439800887e-84,0.6666666666666666,0.057431413928248416,0.6092352527384182,15
type,Goblet,type_Goblet,Serpinb11,18.928936,4.5496325,6.5878442838824526e-80,4.155662849998312e-77,0.7619047619047619,0.08833283087126922,0.6735719310334927,16
type,Goblet,type_Goblet,Wfdc15b,18.044737,5.316605,8.677788165846708e-73,4.447637615876621e-70,0.20634920634920634,0.005878806150135665,0.20047040019907067,17
type,Goblet,type_Goblet,Tpd52l1,17.597311,3.8373024,2.5830415300386806e-69,1.2104132609761255e-66,0.5714285714285714,0.05245703949351824,0.5189715319350532,18
type,Goblet,type_Goblet,Ccl28,17.584885,4.389285,3.2163858551578795e-69,1.4653317891790107e-66,0.2857142857142857,0.012662044015676817,0.27305224169860887,19
type,Goblet,type_Goblet,Cited4,17.26521,4.2462378,8.599105636181814e-67,3.8117278794329176e-64,0.5238095238095238,0.04687971058185107,0.47692981322767275,20
type,Ionocyte,type_Ionocyte,Moxd1,48.170555,10.641993,0.0,0.0,0.625,0.001197425535099536,0.6238025744649005,1
type,Ionocyte,type_Ionocyte,Ppp1r1a,40.87785,29.048864,0.0,0.0,0.25,0.0,0.25,2
type,Ionocyte,type_Ionocyte,Foxi1,36.099854,10.805055,2.2799876469773473e-285,1.2464692466025158e-281,0.3125,0.000449034575662326,0.3120509654243377,3
type,Ionocyte,type_Ionocyte,Atp6v0d2,34.024548,10.150909,9.659063415415123e-254,3.9604574769055856e-250,0.3125,0.000598712767549768,0.31190128723245025,4
type,Ionocyte,type_Ionocyte,Cftr,33.974167,10.185825,5.3645933787640954e-253,1.7596939201021987e-249,0.375,0.001047747343212094,0.3739522526567879,5
type,Ionocyte,type_Ionocyte,Gm933,33.68633,11.248173,9.166361816427537e-249,2.5056250025204673e-245,0.4375,0.001646460110761862,0.43585353988923814,6
type,Ionocyte,type_Ionocyte,Coch,28.859543,10.39225,3.8459984857897585e-183,6.307822116543783e-180,0.25,0.000598712767549768,0.24940128723245023,7
type,Ionocyte,type_Ionocyte,Stap1,28.002216,9.700951,1.5269198362163848e-172,2.2766374757986296e-169,0.4375,0.002843885645861398,0.4346561143541386,8
type,Ionocyte,type_Ionocyte,Ascl3,25.7156,9.483944,7.822391240805021e-146,1.0691253228370262e-142,0.5625,0.006286484059272564,0.5562135159407274,9
type,Ionocyte,type_Ionocyte,Gng4,16.9092,7.41822,3.848971983879424e-64,3.945436844225403e-61,0.25,0.002843885645861398,0.2471561143541386,10
type,Ionocyte,type_Ionocyte,Nrip3,13.104286,6.4218326,3.1117469326367044e-39,2.4302743543892664e-36,0.3125,0.008082622361921869,0.30441737763807813,11
type,Ionocyte,type_Ionocyte,Hepacam2,9.184559,4.687377,4.1321917948326373e-20,2.0536993220318207e-17,0.375,0.02334979793444095,0.351650202065559,12
type,Ionocyte,type_Ionocyte,Prr18,8.605801,5.076688,7.578595302020655e-18,3.0316229645961162e-15,0.25,0.01197425535099536,0.23802574464900464,13
type,Ionocyte,type_Ionocyte,Tekt5,7.910438,4.859337,2.564845161478848e-15,8.413205098682916e-13,0.25,0.014069750037419547,0.23593024996258044,14
type,Ionocyte,type_Ionocyte,P2ry14,7.779604,5.4839425,7.275205096890421e-15,2.3396203685117608e-12,0.25,0.014668462804969315,0.2353315371950307,15
type,Ionocyte,type_Ionocyte,Tfcp2l1,6.9730406,4.787872,3.101631284023603e-12,8.339320440864117e-10,0.375,0.04071246819338423,0.33428753180661575,16
type,Ionocyte,type_Ionocyte,Gyltl1b,6.844784,4.307223,7.65915164013413e-12,2.026092678223224e-09,0.3125,0.028887891034276306,0.2836121089657237,17
type,Ionocyte,type_Ionocyte,Nrxn1,6.1914983,3.7360075,5.959493225570871e-10,1.4165456288780848e-07,0.3125,0.03382727136656189,0.2786727286334381,18
type,Ionocyte,type_Ionocyte,Slc12a2,5.7508492,4.15125,8.879617220204971e-09,1.8434759750453383e-06,0.5,0.1037269869779973,0.3962730130220027,19
type,Ionocyte,type_Ionocyte,Rasd1,5.718332,3.9124155,1.0757480121023043e-08,2.205417893311237e-06,0.5,0.10103277952402336,0.39896722047597666,20
type,Neuroendocrine,type_Neuroendocrine,Chga,55.463913,10.531535,0.0,0.0,0.7142857142857143,0.004990170875548163,0.7092955434101661,1
type,Neuroendocrine,type_Neuroendocrine,Ngf,53.059753,9.374573,0.0,0.0,0.6428571428571429,0.004234084379252987,0.6386230584778899,2
type,Neuroendocrine,type_Neuroendocrine,Scg5,52.264385,9.165154,0.0,0.0,0.7023809523809523,0.0063511265688794795,0.6960298258120728,3
type,Neuroendocrine,type_Neuroendocrine,Chgb,51.38303,11.387884,0.0,0.0,0.44047619047619047,0.0006048691970361409,0.43987132127915435,4
type,Neuroendocrine,type_Neuroendocrine,Ly6h,51.12499,10.773974,0.0,0.0,0.4642857142857143,0.0010585210948132466,0.46322719319090105,5
type,Neuroendocrine,type_Neuroendocrine,Tmem163,51.11288,10.215918,0.0,0.0,0.4642857142857143,0.0010585210948132466,0.46322719319090105,6
type,Neuroendocrine,type_Neuroendocrine,Pkib,50.90179,8.98738,0.0,0.0,0.7261904761904762,0.008014516860728868,0.7181759593297473,7
type,Neuroendocrine,type_Neuroendocrine,Scg2,49.979736,10.741015,0.0,0.0,0.42857142857142855,0.0007560864962951762,0.4278153420751334,8
type,Neuroendocrine,type_Neuroendocrine,Snap25,49.015507,10.337233,0.0,0.0,0.40476190476190477,0.0006048691970361409,0.40415703556486865,9
type,Neuroendocrine,type_Neuroendocrine,Ddc,48.57182,10.061967,0.0,0.0,0.4166666666666667,0.0009073037955542114,0.4157593628711125,10
type,Neuroendocrine,type_Neuroendocrine,Tcerg1l,47.98476,9.880021,0.0,0.0,0.4166666666666667,0.0010585210948132466,0.41560814557185344,11
type,Neuroendocrine,type_Neuroendocrine,Ascl1,46.961952,8.714469,0.0,0.0,0.4880952380952381,0.0028731286859216693,0.4852221094093164,12
type,Neuroendocrine,type_Neuroendocrine,Uchl1,46.30294,8.923271,0.0,0.0,0.5119047619047619,0.0037804324814758807,0.508124329423286,13
type,Neuroendocrine,type_Neuroendocrine,Scn9a,45.32705,28.930264,0.0,0.0,0.30952380952380953,0.0,0.30952380952380953,14
type,Neuroendocrine,type_Neuroendocrine,Cxcl13,45.1357,9.9879675,0.0,0.0,0.5952380952380952,0.007107213065174656,0.5881308821729205,15
type,Neuroendocrine,type_Neuroendocrine,Pgf,45.045357,10.842771,0.0,0.0,0.35714285714285715,0.0007560864962951762,0.356386770646562,16
type,Neuroendocrine,type_Neuroendocrine,Stmn3,44.65253,9.821675,0.0,0.0,0.36904761904761907,0.0010585210948132466,0.3679890979528058,17
type,Neuroendocrine,type_Neuroendocrine,Pcsk1,43.78441,10.677561,0.0,0.0,0.32142857142857145,0.0004536518977771057,0.3209749195307943,18
type,Neuroendocrine,type_Neuroendocrine,Elavl4,42.868763,9.876357,0.0,0.0,0.30952380952380953,0.0004536518977771057,0.3090701576260324,19
type,Neuroendocrine,type_Neuroendocrine,Snca,42.687733,9.089374,0.0,0.0,0.39285714285714285,0.0021170421896264933,0.39074010066751635,20
type,Tuft,type_Tuft,Trpm5,67.71625,11.80025,0.0,0.0,0.7664233576642335,0.001829268292682927,0.7645940893715506,1
type,Tuft,type_Tuft,Ly6g6f,67.27761,11.546213,0.0,0.0,0.7518248175182481,0.001676829268292683,0.7501479882499554,2
type,Tuft,type_Tuft,Rgs13,65.91761,11.655544,0.0,0.0,0.7007299270072993,0.0010670731707317074,0.6996628538365676,3
type,Tuft,type_Tuft,Gnat3,65.49731,12.406229,0.0,0.0,0.6861313868613139,0.0009146341463414635,0.6852167527149725,4
type,Tuft,type_Tuft,Sh2d6,62.936573,10.563947,0.0,0.0,0.7007299270072993,0.0025914634146341465,0.6981384635926652,5
type,Tuft,type_Tuft,Hck,61.768066,10.482631,0.0,0.0,0.6788321167883211,0.0025914634146341465,0.676240653373687,6
type,Tuft,type_Tuft,Matk,58.703064,9.917137,0.0,0.0,0.656934306569343,0.003658536585365854,0.6532757699839772,7
type,Tuft,type_Tuft,1810046K07Rik,58.591103,10.638644,0.0,0.0,0.5766423357664233,0.001371951219512195,0.5752703845469112,8
type,Tuft,type_Tuft,Ovol3,57.716938,11.065909,0.0,0.0,0.583941605839416,0.0019817073170731708,0.5819598985223429,9
type,Tuft,type_Tuft,Ltc4s,57.681683,10.56805,0.0,0.0,0.8248175182481752,0.011432926829268292,0.8133845914189068,10
type,Tuft,type_Tuft,Avil,57.534733,9.2083,0.0,0.0,0.7153284671532847,0.0065548780487804876,0.7087735891045042,11
type,Tuft,type_Tuft,Fyb,56.66208,10.496614,0.0,0.0,0.5547445255474452,0.001676829268292683,0.5530676962791525,12
type,Tuft,type_Tuft,Sh2d7,55.70726,10.351579,0.0,0.0,0.5328467153284672,0.001524390243902439,0.5313223250845648,13
type,Tuft,type_Tuft,Pik3r5,55.375122,10.478414,0.0,0.0,0.5328467153284672,0.001676829268292683,0.5311698860601745,14
type,Tuft,type_Tuft,Nrgn,55.324142,11.512706,0.0,0.0,0.49635036496350365,0.0007621951219512195,0.49558816984155246,15
type,Tuft,type_Tuft,Gng13,54.792152,10.34601,0.0,0.0,0.8102189781021898,0.013719512195121951,0.7964994659070679,16
type,Tuft,type_Tuft,Nkd1,53.296715,10.432628,0.0,0.0,0.48175182481751827,0.0012195121951219512,0.4805323126223963,17
type,Tuft,type_Tuft,Hmx2,53.0263,11.449269,0.0,0.0,0.45255474452554745,0.0006097560975609756,0.45194498842798647,18
type,Tuft,type_Tuft,Vav1,52.0251,10.27484,0.0,0.0,0.46715328467153283,0.001371951219512195,0.46578133345202066,19
type,Tuft,type_Tuft,Hepacam2,51.77938,7.7516794,0.0,0.0,0.6934306569343066,0.010213414634146342,0.6832172423001602,20
